target_id,best_seed_id,q,pos_err_mm,rot_err_deg,pose_cost,limit_score,iters,near_limit
0,0,[-2.11578895 -1.06785945 -0.67700172 -3.50449382  4.2734952   2.80213902],0.08545016414505927,0.8586301653004021,0.00022458520312310896,0.0,16,False
1,0,[-2.50498438 -4.28986624  1.26311129  2.70766849  2.80424133 -4.12580302],0.07043652399845556,0.019312727125611263,1.1857794445195156e-07,0.0,14,False
2,0,[ 2.19537105 -3.65916828  0.20576515 -3.05334175 -4.5089332   2.222019  ],137.7616948119857,0.23319807639689816,0.018994850061809693,0.0,60,False
3,0,[ 5.277641    2.63027589 -2.21196534 -3.55388198 -0.41640615 -3.68301062],9.648820736119584,0.03389522075676281,9.344971228371978e-05,0.0,60,False
4,0,[ 6.28318531 -3.46759756  2.3716023   1.92133645  4.17310033  5.15890523],1272.1956231110667,52.192679432827106,2.448282640812826,0.007568999999999999,60,True
5,0,[ 0.60365448  2.69092432  1.76939138 -2.46264104 -0.56337782  4.17961534],0.039107301449238754,0.12308570824944075,4.616511186216657e-06,0.0,8,False
6,0,[ 5.21241285  1.58082323  1.5609084   5.04788154 -1.24550548  2.3895687 ],2.639787418154398,0.6928133173746504,0.00015318188210763394,0.0,44,False
7,0,[-2.24492755 -3.67705155 -1.39502942  6.27621275 -1.29789681 -2.99026551],10.243231664501405,0.2178494422344065,0.00011938044403766142,0.006404392402800501,60,True
8,0,[ 3.07076602 -2.21880922  2.93479489 -1.49630728  1.01225203  6.28318531],30.316590841923166,1.8580219842704855,0.0019707098560625136,0.007568999999999999,60,True
9,0,[ 6.28318531 -4.62507765  2.75212938  6.28318531 -5.33949838 -6.28318531],350.1340065802553,54.53645158013357,1.0285944311412996,0.022706999999999998,60,True
10,0,[ 4.91618601 -4.5619095   2.73301546  0.09781323 -3.45562783 -6.28318531],59.21092250112835,4.701008558533846,0.01023782036666078,0.007568999999999999,60,True
11,0,[-1.25787392 -2.10934404  3.13635905 -4.15304664  0.49604931 -6.23081881],390.2082520120661,10.739251104482411,0.18739446823994133,0.007885223958939232,60,True
12,0,[-1.47977278 -3.79044986  2.51017878 -4.77944052 -4.44100641 -1.46417952],0.08269302811453871,0.9872541613868207,0.00029690853603086913,0.0,21,False
13,0,[ 1.35134968 -1.89885071 -3.10095012 -6.24108485 -3.11334876  0.3053643 ],749.8448353460988,15.36646344165952,0.6341960397232707,0.004164983173240147,60,True
14,0,[ 1.70349636 -0.794031    1.2953951  -3.05695744  2.29706712  1.13275804],0.15672220619383748,0.7056416456085361,0.00015170275389902546,0.0,21,False
15,0,[ 2.45044919  3.14829254  0.59741737  6.11201328 -4.48712613 -0.02464848],0.005264020667884146,0.6552289125492079,0.00013077987947877643,0.0,13,False
16,0,[ 3.49994795  3.98269288 -1.38216709  1.98986807  2.05678281  6.24746717],4.719777626038245,0.02972863295191288,2.254551916130862e-05,0.0026298291685210957,23,True
17,0,[-0.03469786  3.87789062  2.12177543  5.68747964  0.84327685 -1.35569826],0.0208889790255388,0.5138195980464629,8.04226578233627e-05,0.0,19,False
18,0,[ 1.14550737 -1.79177638 -1.56622261  6.28318531 -4.44723539 -3.46554961],8.560183458497216,0.7401187972414274,0.00024013880202688987,0.007568999999999999,60,True
19,0,[ 0.49257626 -3.72133011  0.06796254 -3.89748366 -5.20438098 -1.47619657],187.74693385508127,1.0192128519325232,0.0355653461750848,0.0,60,False
20,0,[-0.79391456  6.10418265 -2.62646626 -4.76008358  0.79829044 -0.49218928],0.9210440507847882,0.43481423856168794,5.8440333946224294e-05,0.0,33,False
21,0,[-0.87665906 -6.09198758 -1.80304499 -1.6921768  -5.40626422 -5.12926087],0.07438813271650062,0.2235625962477119,1.5230383650046571e-05,0.0,6,False
22,0,[-6.28318531  3.61509764  0.25553392  1.77425732 -4.6577527  -0.17644696],315.15951988006526,11.672693446450486,0.14083018628884383,0.007568999999999999,60,True
23,0,[ 4.56129229  5.72233319 -2.32828623  5.86675236  4.85561683 -2.77142992],71.45735262017502,7.342040537792145,0.021526725616993158,0.0,60,False
24,0,[-0.16742405 -6.28318531  2.52836341 -6.28318531 -0.3758099   2.53671565],192.84261731643693,37.20211379872419,0.4587779527657177,0.015137999999999999,60,True
25,0,[ 5.35147206  6.28318531 -1.22079021  1.49938478  3.45980206  6.28318531],294.4192559897958,57.10100584139827,1.0798953707684225,0.015137999999999999,60,True
26,0,[ 3.44935938  5.76139648 -2.68292511  6.27837563 -4.20050189  3.21449199],51.426910101432924,0.265811129231581,0.002666249995872144,0.006755248957681263,60,True
27,0,[ 2.26760135  2.21324741  0.11227     6.08303409  5.37119819 -1.46426747],0.027362876075874103,0.5082004813057616,7.867359800988309e-05,0.0,53,False
28,0,[ 4.32391239 -4.13336026 -1.5474005  -6.0272009  -0.55254369  4.65768356],124.10098704294884,2.726799402715969,0.01766601800444149,0.0,60,False
29,0,[ 2.73500253 -3.20012995  3.02796783  5.83046176 -4.23933551 -3.67027154],102.5052760843719,46.4460256166621,0.6676381720037975,0.0,60,False
30,0,[ 2.29693738 -6.28318531 -2.27533607  4.039655    4.78180205 -1.36030812],144.96119108628798,35.51682368300705,0.4052717962956782,0.007568999999999999,60,True
31,0,[ 4.11951452  4.99840298 -2.6065474   2.59804504 -3.79417912 -5.26641886],0.13645654768109503,0.10290894108215454,3.244595066410426e-06,0.0,9,False
32,0,[-3.79621948 -2.84289637  2.32380079 -4.08994012 -1.52406727  5.4295863 ],0.034477519932056416,0.0001650391101594339,1.1969965218848168e-09,0.0,60,False
33,0,[ 0.19015624 -0.57152456  2.76715034  4.76492386 -1.44940644  6.28318531],8.141272230683992,0.6981025533901029,0.00021473475253811207,0.007568999999999999,60,True
34,0,[ 0.75487843  0.93767133  2.24420378  5.51333009 -1.68252214  0.74369679],0.013689978418657676,0.2660370148124192,2.1559696477032078e-05,0.0,23,False
35,0,[ 0.6359689  -1.87302992  3.14159265  5.92933273 -1.91059625 -6.18849506],68.4935418316206,0.5871704750202448,0.004796387966632944,0.007568999999999999,60,True
36,0,[-0.5475061   1.17817792  1.49637729 -2.56508842  1.57714534  5.52576954],0.021909924248035475,0.22754838159212548,1.5773041824128372e-05,0.0,23,False
37,0,[ 0.14538377 -6.28318531 -2.99367001  2.75807288  6.28318531 -5.612828  ],103.18827439519056,39.46031005267034,0.4849724993578135,0.015137999999999999,60,True
38,0,[ 1.86858423  4.45894819  2.44815463 -4.49502719 -1.10427528  0.33824339],2.6539118783012934,0.7912636829758659,0.00019776367134771353,0.0,52,False
39,0,[-3.34403012 -5.74557626  1.46225546 -0.94859275 -3.82708746 -6.27146895],3.274309418785135,0.9966082075349387,0.00031327562821515336,0.0056676273244215414,11,True
40,0,[ 2.02920852 -6.28318531  3.14159265  0.62469667 -1.26338248  3.59906646],1003.4308226986486,7.026489923028303,1.0219128533542048,0.015137999999999999,60,True
41,0,[ 5.78702026  2.0821956  -3.11939892 -6.28318531  2.96070957  0.80512885],437.77672001392983,2.4671903162586215,0.19350267136693777,0.011768852705090616,60,True
42,0,[ 1.20288493  1.71380948 -1.69577456 -2.59040816 -4.58015282  4.94043516],0.06730165795167813,0.28212034305326766,2.424960506085982e-05,0.0,14,False
43,0,[-4.03147962 -4.07678268 -1.43385898 -2.45181587 -4.23103952 -2.72764005],0.018466507367223703,0.6857069967320591,0.00014322965009545268,0.0,17,False
44,0,[-4.99805883 -4.24226288 -0.02021745  0.81810261  4.68289954  5.87052591],174.18507895499138,1.9432228197130543,0.03149071211645371,0.0,60,False
45,0,[-5.89332465  1.50115644 -1.93824239  2.13109527  4.43208633  0.90662896],0.010833431008193431,0.10748972092114287,3.519679247730236e-06,0.0,40,False
46,0,[ 0.20677899  4.0561215   0.23267324 -0.71663692  6.05563908  5.959533  ],42.176058245197304,0.0011314251589948589,0.0017788202790500072,0.0,60,False
47,0,[ 1.2932105   0.03452973 -1.13835752 -1.20257542  2.05392876 -2.7332106 ],0.12875191055524357,0.5259930090229508,8.429466599505997e-05,0.0,17,False
48,0,[ 5.19928934 -3.52238643 -1.94339374 -5.97676354 -2.2836902  -5.66414108],0.06402654330999114,0.7315491752417753,0.00016302443588413543,0.0,11,False
49,0,[ 2.86227512 -1.92988784  3.14159265  1.87862552 -2.04343222 -1.40351706],587.428651580939,7.754821913578914,0.3633912785592826,0.007568999999999999,60,True
50,0,[ 5.73381876  6.28318531 -2.23839901  3.2690017  -3.11707209 -5.43271919],121.50881916177659,47.25862035599074,0.6950899925845937,0.007568999999999999,60,True
51,0,[ 5.49198059  2.9921562  -1.45676428 -6.28318531  1.61867645 -1.09147509],113.0961478879026,45.91670116875927,0.6550288792791826,0.007568999999999999,60,True
52,0,[ 0.774977    5.04565346 -3.055205   -2.36495658  2.26162391  4.18319738],15.2267364010286,0.0667137149437566,0.00023320926819638075,3.74964962943966e-07,60,True
53,0,[-5.40135881 -3.04111253 -2.42489946  6.28318531  3.14382895  6.07327938],154.06768498862158,10.71590082922183,0.05871623149629452,0.007568999999999999,60,True
54,0,[ 0.89534787 -1.83960043 -1.43528672  0.60824092  2.29997678  3.62757926],0.03505552634181643,0.24925885434977063,1.8927102014163596e-05,0.0,19,False
55,0,[-1.9788163   3.5301944   2.32722114 -5.85749628 -0.96126432 -3.41133251],91.03980310145289,0.07645272613156465,0.008290026243459116,0.0,60,False
56,0,[-3.61308472 -6.28318531 -0.80900868 -0.46960382 -5.76972392  2.61179302],170.47519055927535,4.178242027501618,0.03437971208748385,0.007568999999999999,60,True
57,0,[ 3.33772552  6.28318531  1.31716278 -6.28318531  3.03497477  6.07302832],596.1581690481643,10.701440220724892,0.3902896000753607,0.015137999999999999,60,True
58,0,[-5.96524225  0.80874078 -0.20124249  0.41629317  5.21209997 -4.64006497],1.0108503915816671,2.409351844942572e-05,1.0218186909905001e-06,0.0,20,False
59,0,[ 2.39975943 -2.54898575 -2.85795634 -0.42957236  3.33225853  3.80423278],0.3774943600736091,0.036502246931288514,5.48378516108191e-07,0.0,15,False
60,0,[ 0.05541675  6.10372953 -3.07311661 -4.49840384  6.28318531 -2.16887185],441.2712188518019,51.10935302609177,0.9904315454316757,0.007912136835399972,60,True
61,0,[ 5.38233006  3.02569732 -0.97192234 -0.46698851  4.61242035  1.92562589],0.6095220435121651,0.5281228650702772,8.533350722156479e-05,0.0,11,False
62,0,[-4.67977438 -1.32534566  1.71022291  6.28318531  6.05500855 -5.43732816],26.804258792503063,9.117766572293307,0.026042431509643752,0.007568999999999999,60,True
63,0,[ 3.37142432 -4.56312217  2.25108929  3.2462702  -2.4315438  -0.67064311],0.20593037764852723,2.6274997080444744,0.0021030463556797746,0.0,60,False
64,0,[-6.28318531  6.28318531  0.45718167 -6.28318531 -1.81000589  6.28318531],742.933518306879,18.047460865294983,0.6511674094235177,0.030275999999999997,60,True
65,0,[ 3.32921105  4.65721833 -0.16046725  5.16312431  3.58000916  6.28318531],21.694677282073528,2.0532289145670806,0.0017548495977934087,0.007568999999999999,60,True
66,0,[ 4.72541102  0.11410956  1.59460116  6.24174808 -1.76511312  2.8479316 ],4.9413427317541405,0.06170932628794842,2.5576863601568553e-05,0.0020759666058873987,39,True
67,0,[-1.02469813 -4.34643926  1.26126665  0.80753632 -4.02275442  0.51640275],0.2772543393939596,0.4014186542511865,4.916198763953035e-05,0.0,6,False
68,0,[ 2.7964537   2.32444072 -1.63226038  3.72926859  2.38456565  6.28318531],94.1959974988198,35.19982893449874,0.38630238525520993,0.007568999999999999,60,True
69,0,[-4.61396768  0.32610045  0.84395524 -5.37012365 -6.28318531  5.61170612],139.68807825953473,22.118609905403062,0.16854162414397933,0.007568999999999999,60,True
70,0,[-2.69722338  3.69737368  2.90756611  4.36355804  2.04422015  6.28318531],42.317434724876925,0.5428132782689493,0.0018805196636619615,0.007568999999999999,60,True
71,0,[ 3.29672548 -3.10568905 -2.1118243   3.81018014  0.95585913  2.11285421],0.09545564705136798,0.8590402554344014,0.00022480158559009253,0.0,19,False
72,0,[-1.26888862 -0.28433696  0.52303808 -5.14455344  5.01621841  3.67661334],1.2201270587578392,0.0025916070570876806,1.4907559802181243e-06,0.0,13,False
73,0,[ 4.57357288 -4.88468326  2.66283837  6.28318531  1.92329114 -6.12315169],84.47175608136632,19.742240766151074,0.12586196610784492,0.007568999999999999,60,True
74,0,[-1.05367464  5.45216948 -0.80455236 -3.52921282  4.34770336 -3.64118088],0.10044437741024409,0.04044600282373966,5.084063570088179e-07,0.0,17,False
75,0,[-5.08623199 -3.27241042  2.45886197 -3.9251086  -5.54209703  6.24490514],2.801200870362833,0.008394920854769885,7.868194136225352e-06,0.0023736221663075794,45,True
76,0,[-3.79330195 -2.17891898  1.33958747 -4.07329971 -0.6699173   3.80967927],0.0006502268070170911,0.5680189584967813,9.828345147394018e-05,0.0,19,False
77,0,[ 0.90108692  6.28318531 -3.12007118  1.2849313  -4.35292692 -1.26339352],382.1155086220032,12.137932521634356,0.1908913654133424,0.011856437123815112,60,True
78,0,[ 2.00363686  3.32351757 -1.8926377  -1.67777626  1.2516675  -3.19115875],3.33156929707544,0.5242145829567546,9.4808503923472e-05,0.0,26,False
79,0,[-2.3745556   0.45539373 -1.34381146  2.53226771  5.46482896 -2.21622978],0.12725965825742938,0.6520696255938934,0.0001295379368743966,0.0,13,False
80,0,[-2.21211354  0.2844764   2.06975025  1.30761431 -3.48066912  4.21131952],0.12945264804990259,0.9560107060622446,0.00027842381970903267,0.0,14,False
81,0,[ 2.71737418  5.02767311  2.2942747  -4.03106725  0.51792542 -4.25131143],0.009124896102278129,0.6024737037982798,0.0001105684583270703,0.0,18,False
82,0,[-1.34239013  1.36616333 -2.28957232 -6.28318531  2.74427852 -6.28318531],41.99787880180233,5.638925289206284,0.01144988765503718,0.015137999999999999,60,True
83,0,[-5.75546157  0.17392963  0.25702143 -3.25866195 -4.54460579 -1.10552963],149.06548246278373,18.730159942029168,0.12908606358901153,0.0,60,False
84,0,[-1.77487862 -0.28964501 -2.26686968 -2.50932202 -6.28318531 -3.11230333],88.48401087504188,1.3747473119266382,0.008405125832999455,0.007568999999999999,60,True
85,0,[ 2.82562639 -1.34668804 -0.0062926   1.44620883 -0.9413414  -3.37559666],77.5490239267871,0.6509805177737075,0.006142940552353637,0.0,60,False
86,0,[-0.21303873  5.42193024 -0.87079815  0.76792307  1.74745234  5.18938926],0.05089563361305527,0.02086282842475333,1.3517741558526161e-07,0.0,29,False
87,0,[ 2.71992972 -1.93114656  0.97380796  6.22669144 -5.0491031   2.73803912],4.559379625090676,0.4608829106220892,8.549266001048697e-05,0.0009306238936595211,18,True
88,0,[ 3.98499163 -4.57220822 -0.43318847 -5.16556     3.13491293 -2.59017888],214.36388882746172,51.31900104201649,0.8482044580557183,0.0,60,False
89,0,[-5.22104435 -4.77578927  2.55317725  0.74534608  6.28318531  4.8624434 ],636.9333197736687,54.318954773784625,1.3044726307839405,0.007568999999999999,60,True
90,0,[ 5.36355166 -2.93965103  2.17209112  3.12211329 -1.03877539  1.75723432],0.03577101650405326,0.9439337915031192,0.00027141875222229145,0.0,19,False
91,0,[ 0.2976259  -4.48798062 -2.01142021 -4.67802015 -1.86114696  1.65472011],0.04314732332405725,0.03797200424843667,4.410813569155562e-07,0.0,12,False
92,0,[-0.72361819 -4.7160722   0.59893434 -1.93474796  2.07476391  0.01383639],0.09818225109983453,0.7762052034408072,0.000183539965217104,0.0,7,False
93,0,[ 6.28318531 -0.66923572  1.6193764   2.21565073 -3.05078714  4.00591099],1009.0595879084103,7.83014958953681,1.0368777244729515,0.007568999999999999,60,True
94,0,[-4.51607854 -3.63861471  1.25554855  0.9030669   0.5912451  -2.87930473],0.17814043186270734,0.5570306085338482,9.454937098662265e-05,0.0,31,False
95,0,[-3.48713294 -2.84173519  1.22682748 -0.25144503  1.10100728  2.10421261],1.1276744581054925,0.3854470456664786,4.6528484590123466e-05,0.0,21,False
96,0,[ 6.17120976 -0.40578158 -2.52890588  2.90405574  6.07678452 -0.78015625],347.6375139931812,0.06493805935681907,0.12085312569226071,0.0,60,False
97,0,[-5.20674496 -6.28318531  2.56595603  5.55349227  3.29139468  5.88121827],166.88421741435974,12.93403798694965,0.07880958871873825,0.007568999999999999,60,True
98,0,[-3.19354187  0.27804742 -0.10589842  2.4611238  -4.97675525 -3.77474694],39.45307357580431,0.00012538514124377974,0.001556545019366851,0.0,60,False
99,0,[-6.08086664 -6.28318531  3.12330684 -5.93318531 -1.97739491 -3.29606815],441.3658590150822,29.86561943443651,0.4665089204659901,0.012290639654640854,60,True
100,0,[ 6.10262372 -5.9860604   2.27187012  5.06965831  5.71284068 -3.86934459],110.96049869526404,0.5769467002504046,0.012413629508138081,0.0,60,False
101,0,[-3.11856017 -6.28318531  3.12399962  3.54919686  5.26488141 -1.10335291],1092.0338479873897,28.7237500709512,1.4438636904166582,0.01238632687281739,60,True
102,0,[-1.08469537 -5.76506433 -0.89831805 -3.45644964 -1.97691988 -2.18300718],0.08989188169010945,0.39292301280352193,4.703750523456511e-05,0.0,20,False
103,0,[ 1.83970048 -1.18262041 -0.77554735 -1.18326003 -6.03541934  2.58445227],12.222566920263734,0.0004071435119442927,0.00014939119261548754,0.0,60,False
104,0,[ 4.85767609 -0.75532696  2.45658187 -1.0706714   4.33146657  3.32223917],0.009951828954009747,0.389270927311388,4.615934167876035e-05,0.0,20,False
105,0,[ 5.3928363  -2.16890173  1.24273322  2.13023404 -2.38396762  2.33545033],0.6896073929218056,0.728127098019637,0.00016197429277566022,0.0,34,False
106,0,[ 6.28318531 -2.30031838 -2.43273807  6.28318531 -0.84478754 -6.28318531],220.75169019465523,0.3561567766766779,0.048769948727515895,0.022706999999999998,60,True
107,0,[ 6.17813644  2.10985374 -0.0806406  -4.26174212 -4.69423674 -1.07889055],43.726283250532695,0.00013502152705830705,0.0019119878524592395,0.0,60,False
108,0,[ 3.3249768  -2.76204293 -1.38390703 -3.02325268 -4.39101043  6.28318531],5.800058549552759,42.16802171954115,0.5416866857128376,0.007568999999999999,60,True
109,0,[-0.60985206 -4.57559194  2.20207164  1.07932167  1.95032114 -6.28318531],404.6713110061256,54.662041174707284,1.0739370610514505,0.007568999999999999,60,True
110,0,[ 5.15518106  5.95101759 -3.13503254 -2.62941099  2.27622556  2.72326076],757.1660874426212,26.848934635689357,0.792888608953168,0.006470575497686125,60,True
111,0,[ 2.9717518   3.59191228 -2.44690599 -3.08355147 -4.03369371  0.02306251],0.7347480793139833,0.351030015401959,3.807544428607274e-05,0.0,8,False
112,0,[ 4.18504715 -4.81192693  1.73084395  1.18686693 -1.98285647  1.90270604],1.8243578980145096,11.068579388106796,0.03732305920963481,0.0,60,False
113,0,[-3.98762709 -4.61076597  1.8443766  -5.57842509 -5.62631089 -3.8490639 ],0.028548423821701616,0.1060855101240014,3.4290207177308977e-06,0.0,17,False
114,0,[ 0.73573903  6.04786323  0.84920502 -0.71204094  4.60928516 -5.03244777],261.62840991814625,3.4028776618876755,0.0719767655559367,0.0,60,False
115,0,[-5.45189298  6.28318531 -3.13346185 -5.61715251  0.69785898 -2.20780537],676.8531760502455,0.36404045451255107,0.45817059149070777,0.013789350669179688,60,True
116,0,[ 0.94179542 -2.22777569  0.01158094 -6.28318531 -3.09202175 -4.79987731],407.7948512247881,50.25499205975849,0.935627498997377,0.007568999999999999,60,True
117,0,[ 4.68963275 -2.8847264   0.6207479  -3.96468887  0.88651799 -2.89592457],0.006247213468963988,0.824309516079925,0.00020698336544212921,0.0,40,False
118,0,[ 2.64038694  3.73056746 -2.10862481  5.6720915  -6.28318531 -3.16930622],18.82639563055034,0.9386063055553432,0.0006227955742668849,0.007568999999999999,60,True
119,0,[-2.19022337 -1.37979962 -2.13246109 -1.08640965 -1.21720413 -3.00541386],0.01123718052393833,0.11684881747054807,4.159264733373015e-06,0.0,20,False
120,0,[-5.5659461  -0.2306791  -2.70935435 -3.21538416  5.34842389 -5.5521059 ],46.61136378014252,2.8856811211762445,0.0047092158661042735,0.0,60,False
121,0,[-4.27815707 -0.1647834   1.71304948  3.19549271 -4.73021791 -3.39279382],2.956948047532935,0.3346751288791558,4.286295970133548e-05,0.0,11,False
122,0,[-5.95238563  6.28318531 -2.30051515  2.03167418  4.73561548 -5.4567552 ],37.96487303938137,4.933868427603463,0.008856650999279465,0.007568999999999999,60,True
123,0,[-2.56867281  2.91552417 -2.28230743 -5.4377416  -2.12770393 -2.99693662],0.014614923566021568,0.06341805825840953,1.2253392002631236e-06,0.0,12,False
124,0,[-6.28318531  3.51610158 -1.98324837  6.28318531 -6.18136538 -6.28318531],829.6113385769742,15.179090378947485,0.7584402841271307,0.022706999999999998,60,True
125,0,[ 1.75983114 -0.22123829  2.2385998   5.64622398  4.42190413  6.20091125],0.02234426446469109,0.009202128996114556,2.629401888510943e-08,2.2334535230282204e-05,41,True
126,0,[-6.19939799  3.70405578  3.03321966  2.74793067 -0.27166127 -1.99454818],403.05893795949635,19.56218907909238,0.27902727064085575,1.0321320512158218e-05,60,True
127,0,[2.26063226 3.58840481 0.29814959 1.37561438 0.72418514 2.18467359],197.39838574723404,0.33350841087040245,0.03900000463937236,0.0,60,False
128,0,[ 2.45350974 -2.86067414  0.79809581 -6.22466581  2.01226056  2.1797404 ],4.992396865058663,0.046861407563863984,2.5592963728598198e-05,0.0008111389760107115,37,True
129,0,[-4.56875494 -3.79182669  1.40460038  4.97729959 -5.55349671  5.57615873],0.03180584781943342,0.10714063718360055,3.497750350768682e-06,0.0,38,False
130,0,[ 5.19876139 -3.59320168 -0.91669757 -5.92348268 -6.28318531 -4.6023702 ],269.43842977060666,47.25154606461072,0.7527190019790307,0.007568999999999999,60,True
131,0,[-4.58016584 -4.0153001  -1.32893847  6.28318531 -0.41633479  0.28708052],35.12459460567442,4.129517438998403,0.0064283518937234135,0.007568999999999999,60,True
132,0,[-1.92625097 -0.6834206  -2.58403687  5.93318531  6.26299045 -3.28050714],60.00197180853201,2.5798243831252545,0.00562761598422515,0.004462927099657839,60,True
133,0,[ 2.90085583 -4.54500432 -3.08619459  1.46854642 -1.9892153  -6.0440447 ],116.10731170972655,9.656648989154982,0.04188674715326338,0.0009986825982984942,60,True
134,0,[ 5.41452957 -3.34175387  2.41801414 -5.75306338 -3.70076051 -2.07301967],0.09026410901029434,0.919295074297738,0.0002574413750140502,0.0,24,False
135,0,[-4.01485501  3.09479496  0.29467622 -4.73548941 -2.42833954  2.66491784],58.758333072880745,0.0009803060637518018,0.003452541998240925,0.0,60,False
136,0,[-3.3659516   6.26721589  1.47757427  3.8527509  -4.61841597 -3.51408065],7.016521698460915,0.09561219821423708,5.201629551077084e-05,0.005045343520466282,60,True
137,0,[-4.04113696 -0.42503144 -1.13193272  5.44127016  1.64836324 -2.79083985],0.23907178990034883,0.08654144782648794,2.338563784517492e-06,0.0,20,False
138,0,[-0.22709629  0.67457457 -1.97264243 -0.84341547  3.29524845 -1.26747886],0.29289035710804007,0.003552304774760183,8.962868866709943e-08,0.0,24,False
139,0,[-5.45971119 -5.20325434  0.69094835 -4.60290294  0.03309416 -3.04025947],589.6728006144024,3.448886603867225,0.35133738079804894,0.0,60,False
140,0,[-3.92749626  0.58066366 -1.51363543  2.85753018  5.07263668 -1.36413337],4.90995877330568,0.4347003891167968,8.166955173525841e-05,0.0,25,False
141,0,[ 0.3639552   2.47767987 -1.48149182 -0.9883628   6.28318531  2.67585447],69.75946359358119,57.010234903950476,0.9949238327813279,0.007568999999999999,60,True
142,0,[ 0.3562674  -3.67423473  1.36978544 -3.29159431 -0.82800556 -3.76121975],0.3028178016922741,0.14024630719288905,6.083226778377669e-06,0.0,38,False
143,0,[ 3.84889108 -3.17282927  2.69732744  0.02629142 -0.01811346  0.2438469 ],123.1792897340032,17.45487652437411,0.1079817535840329,0.0,60,False
144,0,[ 3.9093824   5.74684011  0.76020515 -6.14131943 -2.31433792  1.94128015],0.11457871987537649,0.5173470759740649,8.154337054603082e-05,0.0,10,False
145,0,[ 1.58418894  0.23376003  1.80678956 -1.02567929 -1.05640776  4.0114671 ],0.0036673704066193984,0.7406948214249518,0.00016712190855736267,0.0,11,False
146,0,[-2.7022528  -2.62492793 -1.18851441 -6.28318531  6.08524513  4.13017069],57.71071193030942,23.735436139763465,0.17494312496858258,0.007568999999999999,60,True
147,0,[-6.28318531 -6.21380121  2.6682172   4.64926474 -0.9831304   4.36895326],457.5525738829986,56.29303809022537,1.1746583689964067,0.007879320130704564,60,True
148,0,[-0.12019145  4.16182586 -1.43238049  2.27097492 -5.00738275 -1.19101462],0.9067894942385387,0.9066982402833537,0.00025124876551808006,0.0,17,False
149,0,[-5.62386928  0.24672959 -1.14312212 -6.1124499  -4.92051713  4.01195613],1.2012102768641215,0.0025245023785521294,1.4448474902564232e-06,0.0,54,False
150,0,[-5.11788194  2.5974775   2.29098639 -1.96865019  4.10338444 -6.08315561],3.22274957333619,0.8790501240726528,0.0002457728657334553,0.0,8,False
151,0,[ 3.18860809  2.8101087   0.94917124 -2.78677656 -2.02820172  3.93127865],0.06834291770979452,0.5969998282336644,0.00010857299824948765,0.0,18,False
152,0,[ 5.13779646  2.1153323  -2.52520911 -2.02660255 -3.83184405 -0.38032919],0.05420996806103505,0.5909878028520424,0.00010639562408833643,0.0,15,False
153,0,[ 4.9050031  -3.13964168  0.26949867 -3.90602922 -3.01183294 -5.43004278],2.097480385188601,0.019007791654152797,4.509481065283398e-06,0.0,11,False
154,0,[-6.28318531 -2.0056046  -2.20199461  5.0840222   5.29117671 -2.4293542 ],75.15557992214323,3.1232679263104957,0.008619843973551033,0.007568999999999999,60,True
155,0,[-6.28318531 -4.4077739  -0.22336223 -6.20185407 -6.28318531 -3.92533342],142.7237453108422,55.838771271086316,0.9701575494735524,0.015170134909008334,60,True
156,0,[ 0.30195349 -6.28318531  2.80115696 -5.0094451   0.64842946  4.44355553],8.713349247334138,0.4733317701902267,0.0001441698449255891,0.007568999999999999,60,True
157,0,[-4.20667754 -6.13210602  1.22844463  0.26409618  3.58266828  5.32520849],0.11270564122150788,0.9439579381486976,0.0002714440615848429,0.0,14,False
158,0,[ 3.55256013  3.80338978 -0.71675522  1.01555927 -2.58366941 -0.62893476],0.04228033278070342,0.096735579304127,2.852328080524354e-06,0.0,19,False
159,0,[-3.18134469  5.19952307  0.96022809 -3.81647057 -5.72268812  2.32771462],0.025725428892471643,0.9567751506801861,0.00027885314085294207,0.0,11,False
160,0,[-3.61840353  3.1607029   2.87349092  3.41975162 -5.34324011  3.4419769 ],1061.253239400486,28.243308223150812,1.3692470199607225,0.0,60,False
161,0,[ 1.50096891 -3.99267011  0.29605329 -0.49233131  4.88109137  0.56505458],92.27371662932289,0.02069234089918976,0.008514569209534499,0.0,60,False
162,0,[ 6.08006871 -0.60689579  2.33354082 -0.83304895  5.07234156  0.97805974],0.03527974566363069,0.10591911238712926,3.4187043497340214e-06,0.0,8,False
163,0,[ 1.90884479  2.27436672 -1.43688989 -0.68902711  4.51043016 -3.0430288 ],57.89451639435004,1.9980476139004753,0.0045678669455624194,0.0,60,False
164,0,[-2.34455107  0.49482217 -1.79228597  0.07199661  1.3533454   0.69780588],1.537167690646626,0.5075608832506352,8.083783025345259e-05,0.0,17,False
165,0,[-4.9255422   4.90828257 -3.02285999 -4.63325772  1.41615034 -2.60999679],72.0006260850369,7.779890568284412,0.02362157650250848,0.0,60,False
166,0,[-5.00493391  1.03558534 -1.35391329  3.57127929  5.69634649 -5.02053081],2.2292335240745724,0.29163803323281207,3.0878029049029205e-05,0.0,6,False
167,0,[-6.28318531 -5.00411141 -2.6950308   6.28318531  1.59070501  6.28318531],322.16153956252805,2.5746539207097054,0.10580731856668651,0.022706999999999998,60,True
168,0,[ 1.92768329 -0.10892662 -3.03089442  1.71649987 -5.43853782  2.35073571],4.723060359926634,0.24072095711660407,3.995883660339817e-05,0.0,45,False
169,0,[-4.32022579  0.26186839  1.68946633 -6.10149693 -0.95840406  6.22150856],4.819058541232063,0.07752649166775749,2.505418463783781e-05,0.000641267268180441,51,True
170,0,[ 6.12644058 -0.86690163 -2.77920517 -0.32096652  0.54348364 -5.63284587],0.16957539155269433,0.927621610666283,0.000262146517518137,0.0,17,False
171,0,[-1.4439433   3.31194684 -2.89434087 -6.28318531  6.1880763  -6.15372609],74.65364961320165,35.424882076947256,0.38784435137130036,0.007568999999999999,60,True
172,0,[ 2.65654422  4.78188609 -0.84554884  0.40856874 -2.28732074 -5.20333934],0.09571554881883229,0.36097366981077506,3.970141754352652e-05,0.0,9,False
173,0,[-2.80526601  0.9674894  -2.99835922 -0.29717763 -4.0106485   3.75738835],0.6755389015584994,0.014052973309896086,5.165105012091862e-07,0.0,35,False
174,0,[ 0.66954309  1.56104138 -2.51749487  2.83473282 -2.18100549  1.65243459],0.4213418466137238,0.656493953162077,0.00013146285759646012,0.0,5,False
175,0,[ 4.98979531  1.43693057  2.30127702 -1.1074339  -0.43634297  2.97094116],0.024389059505257594,0.4306951228800786,5.650660495747068e-05,0.0,19,False
176,0,[-1.38553109 -0.72989889  1.51904518  2.81217176 -3.67932197  4.26246929],0.7648054354378061,0.32499575280855336,3.275930137501631e-05,0.0,11,False
177,0,[ 0.67293834  1.64795414 -2.42916184 -3.6833234  -1.09086042  6.28318531],22.761059203800425,1.6828467932061197,0.0013807342245867658,0.007568999999999999,60,True
178,0,[ 4.43570483 -0.96268133  2.05697257  5.78792381  5.20951926 -3.10342699],0.016391985851330948,0.3209303324129674,3.1374729229217e-05,0.0,13,False
179,0,[-3.20709755 -0.52295875 -0.10291034  4.06942726  1.48456591  1.93020156],101.91401385782893,0.0050622955754883615,0.010386474026994556,0.0,60,False
180,0,[-1.6756717  -6.28318531 -2.21237724  1.433714    0.31542203 -2.19989552],514.5825330918863,25.27763540678991,0.45943318013584467,0.007568999999999999,60,True
181,0,[-6.28318531 -2.2406757   2.46795769 -6.25825275  3.63622561  3.90281329],69.47125729305458,12.171211826884738,0.04995179195737293,0.011421367848596825,60,True
182,0,[-2.51335553 -3.71917358  0.62224682  2.47149164  1.71523023  1.84589186],0.011146674293273057,0.6858567020955975,0.00014329198056139722,0.0,51,False
183,0,[-4.10800327  4.28450446  1.68633874 -3.73887083  3.97898867 -0.3917934 ],0.03735450598523202,0.563071226481617,9.65801064641383e-05,0.0,25,False
184,0,[ 0.21343423 -4.46153731 -2.89848806  4.74354399  1.51989874 -2.92338901],0.005334823335452141,0.9779108393875492,0.00029130859431231,0.0,58,False
185,0,[ 0.15701533  2.38738346  2.30312484 -2.8834045  -0.89157412  2.29548738],0.019306562522440177,0.4908312902848877,7.338738672968732e-05,0.0,7,False
186,0,[-0.18185531  4.58504896 -2.39297595  1.05920516  3.79630062 -3.39463179],0.3782882121522704,0.7882696803883272,0.0001894229506037958,0.0,14,False
187,0,[-0.45315981  2.44608308  0.34185572 -1.35359451 -0.76845716 -4.31341871],1.1378282980457108,0.0035591994485253886,1.2985120990633285e-06,0.0,34,False
188,0,[-0.75282934  3.64628973  3.03517422  2.90817739 -0.44818722  5.0099049 ],166.39425511977996,0.3149466875455248,0.027717263570072075,0.0,60,False
189,0,[ 2.36493768 -2.71600788  0.78779687  0.88861905 -4.29865142  3.3402042 ],4.383950001293951,0.15914525335745955,2.6934127481997943e-05,0.0,9,False
190,0,[-1.76398754 -2.72022455 -2.71211753  0.67936034  4.06882279  3.06266027],2.5524199383347805,0.6949176457603525,0.00015361780851504047,0.0,17,False
191,0,[-1.94680248  4.32986235 -2.55760915  3.7120017  -5.06543217 -0.30234511],0.07501069177574633,0.005784359514166186,1.5818741771784086e-08,0.0,32,False
192,0,[-1.86967722 -2.88201183 -0.86877349 -2.54981944 -5.58624728 -0.49959099],1.986401805490264,0.6166554398006345,0.00011978080976475205,0.0,30,False
193,0,[-0.52968967 -1.39737275  2.09785425 -3.09464308 -4.25984245 -2.52575097],0.04776300807247286,0.23749739539561665,1.7184230773113933e-05,0.0,20,False
194,0,[ 0.31213467  2.7398479  -1.39289493 -2.96301397 -4.11658815 -2.68406722],0.05352981194964487,0.48049510354218083,7.033157810674146e-05,0.0,13,False
195,0,[-4.44886817 -0.96253668 -3.03608893  4.46069874 -2.7371891   3.18453952],423.43787098253426,33.81239966215418,0.5275621380277653,0.0,60,False
196,0,[3.71036112 0.25325925 2.56811572 0.02517546 4.37353883 4.64277325],111.41361844892269,3.652528677979158,0.016476884938117834,0.0,60,False
197,0,[-4.88724712 -3.43826972 -1.82846223 -5.62728007 -1.95662346  1.36905861],0.0013262766996746053,0.12397234353336109,4.6817101275521575e-06,0.0,24,False
198,0,[ 3.39232437 -0.50395947 -3.10630231  3.84886204 -0.00821364 -6.27156119],229.6279926119671,2.184178428106647,0.05418223363906148,0.008355412258564501,60,True
199,0,[ 1.84966771  1.64151842  1.77728672  1.0816526  -5.21577154  2.24047992],0.03518021237929602,0.26774212090657973,2.1837994270924312e-05,0.0,20,False
200,0,[ 3.63699034  5.93857612 -2.37664519 -3.53593674  5.31788564 -1.14039819],556.040218122667,20.49309099715107,0.4371099206685061,0.0,60,False
201,0,[ 1.63144652 -0.80866484  1.76119956  3.17720251 -4.62714355  6.28318531],277.10307593052937,47.81418920975194,0.7732014514576736,0.007568999999999999,60,True
202,0,[-2.81690818  5.97096692 -1.25809122 -0.6502286   1.67006065  0.92099138],0.12957979348119383,0.6083997809211692,0.00011277101823927287,0.0,38,False
203,0,[-5.93403139  0.52463019  3.06893562  2.68755653 -2.26673879 -5.76999657],1265.3693529783243,22.54291715369886,1.7559610283612668,0.00020572068200346212,60,True
204,0,[-3.72381833 -2.01565933  1.75438839  3.78917131 -4.132603    2.41622457],0.0061783290222070094,0.9761954471107132,0.00029028750851134964,0.0,57,False
205,0,[-2.53706404  3.67186812 -2.02357591  5.46911708 -5.97695054  4.6946896 ],0.04195498765394097,0.1896878020276512,1.0962340408106284e-05,0.0,11,False
206,0,[ 4.41702319 -0.9977933  -2.00837065  0.34269753  4.36026473 -2.80787792],31.171557557601435,48.93223725549505,0.7303366018334381,0.0,60,False
207,0,[-3.49981407 -0.99936572  1.04193079 -0.93472223  5.92383671  1.53887047],0.03228066416108307,0.7470656127805334,0.00017001016542352062,0.0,20,False
208,0,[-4.2164335   6.18112777  2.05547346 -0.6115711  -1.50721934  5.68859393],0.08560339406444305,0.0073141565137922315,2.3624024305500198e-08,0.0,6,False
209,0,[ 5.48307768  2.37165297 -0.20509056  2.97035838  1.86703301 -0.10056507],137.32719046595787,10.544057238249831,0.05272525169443879,0.0,60,False
210,0,[ 5.93318531  5.46256294 -1.61264412  2.62022724 -1.84550978  6.28318531],82.94399334656798,11.652158225737146,0.04823846340068628,0.007568999999999999,60,True
211,0,[ 3.68861887 -4.35376009  2.21727021  5.31040724  3.35421404 -0.26519366],0.6984969796470967,0.2617198724806891,2.1353366275775274e-05,0.0,15,False
212,0,[ 1.74549094  3.7373906  -2.53720789  4.50566894 -5.25363201 -3.39878314],0.10569020499242895,0.2419492694527178,1.7843306326105952e-05,0.0,24,False
213,0,[ 3.39366166  5.95861102 -3.13192336  1.68014318  1.72754922  6.28318531],35.54978932764196,6.055666356083426,0.012434441865828016,0.013549038404705335,60,True
214,0,[-3.34885298  3.66383351 -2.59211658  4.18644957  1.55722417 -4.72811695],3.6327120542286107,0.02634228369770645,1.3407975743116027e-05,0.0,12,False
215,0,[-3.2747793  -1.45973867  2.07587519 -1.90343152  1.61616597  6.28318531],106.34662093116475,41.80877262626945,0.5437727716181694,0.007568999999999999,60,True
216,0,[ 2.10206824 -1.97021672  0.78085629  0.85000733  2.15531161  2.76567206],69.8512143236505,8.133232911564084,0.02502947532733513,0.0,60,False
217,0,"[-6.06265738e+00  1.90338218e+00 -3.01596659e+00 -4.67567362e+00
 -5.49735142e-03  3.26581028e+00]",58.03714485815403,0.07187996083807476,0.0033698840588730346,0.0,60,False
218,0,[ 3.67959462 -5.91162357 -0.12841791 -5.80762655  4.21709414 -2.58612928],140.73545609399994,10.431157569102396,0.052951600123695645,0.0,60,False
219,0,[ 3.88188961  0.73150576  2.05193623 -4.84827802 -2.65848284  0.97220091],49.041114048154036,18.874794406144357,0.1109273821391729,0.0,60,False
220,0,[ 2.72065865  1.30226088 -1.95566889  1.27418612  4.39079197 -0.76557062],0.8815065990565004,0.967767680698912,0.0002860738956555507,0.0,16,False
221,0,[ 2.83238818 -3.17825963 -1.16148929  6.19852272  3.66561894  4.78346444],1.6424254562009437,0.1801365306110934,1.2582143715410418e-05,5.463516387349213e-06,21,True
222,0,[ 1.36363334  4.59258651 -1.79611115  3.37063452  0.9801689   6.28318531],1.2173462100407233,48.674125294981124,0.7216920785224363,0.007568999999999999,60,True
223,0,[-5.55404579 -3.17352908 -1.02678355  4.92187335 -4.00921058 -2.17838397],0.21026231727970557,0.1581332088264601,7.661507477301758e-06,0.0,6,False
224,0,[ 6.28318531 -5.16012581 -1.82433945 -0.6104932  -4.24107855 -6.28318531],245.4936620190598,43.139351705435885,0.6271612729096349,0.015137999999999999,60,True
225,0,[-6.25005187 -6.28318531 -2.48389971  6.28318531 -3.30311498 -0.15529046],446.4624650982768,7.043671633035535,0.21444181124345882,0.018039607120038957,60,True
226,0,[-4.28439957 -2.77205059  1.8572755  -1.13501876 -4.69218227  3.22844176],3.8807787296018383,0.24905300127890082,3.395506931422383e-05,0.0,8,False
227,0,[-1.70087481  1.70624382  2.97945534 -0.42789531 -4.22008095 -4.80200749],159.89462256157572,22.492987180756884,0.17968274386145608,0.0,60,False
228,0,[ 5.93788449  0.72427569  1.91023264  0.48634572 -0.18568897 -0.66050818],392.1588633021575,30.340487417869827,0.4342026706063182,0.0,60,False
229,0,[-5.59598191  2.06849323 -1.58130472 -6.28318531 -4.06792432 -1.22909916],31.31129865676865,11.420225310583966,0.0407090722947049,0.007568999999999999,60,True
230,0,[ 0.66129825  2.43668301  1.43572121  2.93551993  4.16712282 -5.77730211],1.221933237101563,0.36934762007447913,4.3048317795447664e-05,0.0,24,False
231,0,[ 6.28318531 -5.60435882  0.69866487  1.61010483 -4.83746055  1.24119349],256.7487870196331,37.094964370057625,0.4850845917365102,0.007568999999999999,60,True
232,0,[ 5.70062196  0.3331869   0.54851978 -4.99830718 -6.28318531 -4.93994979],503.8740046379405,56.419973240783975,1.223551259145503,0.007568999999999999,60,True
233,0,[-4.08894817  5.61619659 -1.25638731 -6.28318531 -5.06803728  5.49125858],130.87463497131554,45.99454196392234,0.66154567903838,0.007568999999999999,60,True
234,0,[ 4.52927984 -6.21959489 -1.58504949 -2.88926619 -6.1658367   3.30215325],4.854698745310317,0.08615709923154219,2.582928895043014e-05,0.0005480084751533313,39,True
235,0,[-2.49930252 -0.68288696  2.60833051 -3.07309698  1.64508274  0.4883012 ],0.22791808328322397,0.34894282140111554,3.714249651315526e-05,0.0,20,False
236,0,[-6.28318531 -3.6790806   0.70699847 -3.39034067 -4.31269998  5.71272389],291.0194187880751,13.756591749467107,0.1423392652233043,0.007568999999999999,60,True
237,0,[-1.01482427 -4.39698887 -0.30989303  0.58230819 -4.69642006  6.21587482],62.256876915306385,0.5400989093491153,0.0039647777057090815,0.000387676770808366,60,True
238,0,[-3.51749006 -4.67365857  1.80466764  1.48969366 -3.13771347  6.28318531],657.8404480273033,27.726718874056317,0.666935075064639,0.007568999999999999,60,True
239,0,"[-9.05846493e-01  2.04685633e+00  2.17588036e-03  8.36344360e-01
  3.66608593e+00 -6.28318531e+00]",80.32920619280794,41.69411771035328,0.5359995368862331,0.007568999999999999,60,True
240,0,[ 1.85951443  4.44390219  0.60286619 -5.15556341 -4.14612818  3.13755594],140.28749346480453,2.804714402865854,0.022076830263794835,0.0,60,False
241,0,[ 4.30284991  4.73163392 -2.38839841 -0.28679607  4.07585798  2.50276773],0.005722271988350277,0.8066208899829534,0.00019819547615048254,0.0,18,False
242,0,[ 1.36713695  2.09071513  1.77379967 -3.5049002   4.31125232  5.28190284],0.7645039789779922,0.9951375788084439,0.0003022467318382607,0.0,11,False
243,0,[ 1.21910858 -6.25006066  2.38878758  3.96537666  1.4884455   0.82862165],9.599123922075671,0.12689821027042503,9.704848183239662e-05,0.00290255326413004,60,True
244,0,[-4.04045701  1.57778014 -0.63785815 -6.2341659  -1.27022144  4.91396509],7.03196424154427,0.01830719517073707,4.9550614656780875e-05,0.0014425256715103574,60,True
245,0,[-1.6535626   6.28318531 -3.14159265  6.28318531  6.28318531 -5.27457241],412.1122240833449,52.17699842825233,0.9991388792019726,0.030275999999999997,60,True
246,0,[-0.64156784 -4.82426013  1.82910749 -1.21374407 -1.44594641  6.28318531],7.705600759137644,56.74749436806555,0.9810121872955365,0.007568999999999999,60,True
247,0,[-3.06938339 -5.95688445  3.14159265  2.4211293  -1.81055524  2.63396402],989.8123498840514,3.807654957108757,0.9841449033077428,0.007568999999999999,60,True
248,0,[ 2.28129568 -1.34685963  0.33268649 -4.28229956  4.04858148  5.19530802],0.4051879900639968,0.8020953289336559,0.00019614190127352238,0.0,12,False
249,0,[ 0.05049118 -2.35889031  0.9956144   2.92904822  4.87003586 -5.18516651],0.7807267691274967,0.007546376930002924,6.268815813837168e-07,0.0,47,False
250,0,[-2.52391484  2.72918404 -0.5614084  -1.12699235 -6.28318531  4.62389938],327.5522176912981,49.31811172567888,0.8482041385653573,0.007568999999999999,60,True
251,0,[-0.58894086 -2.95028158  2.76323186 -6.05308812  2.31840005  2.27938356],384.4845919983114,29.30907974590007,0.4095015140478315,0.0,60,False
252,0,[-2.5899144  -6.17848707 -0.09487984  0.31753813 -1.31981485  3.4171577 ],3.595126596666173,0.02786371796836368,1.316143618343824e-05,0.0,14,False
253,0,[-0.27666774 -2.59943819  2.93657522  2.70168884  0.1450739   1.21942063],402.4327629193443,0.4908436204954243,0.16202551937205148,0.0,60,False
254,0,[ 2.87372703  0.31642326 -2.86923851  1.2289639  -2.28343667  2.51175436],2.7777223967626705,0.16438926867588524,1.594767158521481e-05,0.0,52,False
255,0,[2.04252639 1.65327443 0.42484838 1.29547255 0.73548671 4.77990434],0.6786993969471353,0.32280239637588,3.2202190549845394e-05,0.0,16,False
256,0,[-3.36269907  0.09911139 -2.18921326  2.86580306 -0.7288253   5.29050396],0.12004939783920887,0.459683114530736,6.438268194608007e-05,0.0,28,False
257,0,[-1.02162096 -1.48604358 -2.50468534 -4.58367498 -5.87688437  0.78630138],0.10247453853344217,0.17442388176468163,9.278087140642804e-06,0.0,23,False
258,0,[ 1.05997013 -4.24448366  0.93742891  2.36085889  1.73344753  4.32088994],0.02880268848960814,0.5230381644050843,8.333468857294904e-05,0.0,13,False
259,0,[4.23979828 1.89994476 0.56577543 5.17891624 4.47641983 2.85268938],0.5007747544121425,0.15204786905981038,7.29308977126736e-06,0.0,35,False
260,0,[-1.65527863  5.97284555  0.11568417 -6.13722214  3.44687005 -6.28318531],113.26206266208821,22.5092133378263,0.16716718390695473,0.007568999999999999,60,True
261,0,[ 1.7194814  -3.48099636  1.07527061 -0.10159019  2.23649616  1.37513055],0.019467579059364307,0.8687000678479472,0.0002298768101310814,0.0,25,False
262,0,[ 4.84451401  0.55049124 -1.38294125 -3.78976158  5.99360677  1.81961924],0.05605985611987291,0.9210876485620889,0.0002584413098965268,0.0,9,False
263,0,[ 0.7108783  -2.34220061 -1.31785792  0.30585694 -5.29147228 -2.11468959],1.6286614543538347,0.10757766429078927,6.177861475293808e-06,0.0,13,False
264,0,[ 3.01362775  5.28511119 -0.70341585  2.40015182 -2.08690678 -2.55797411],0.14005257782798358,0.20950996833947474,1.3390621769626309e-05,0.0,15,False
265,0,[-4.0654493   0.62710095  1.41448632 -0.48991749  3.51778602  5.93318531],37.21903023022414,1.328463048092152,0.0019228493197295808,0.0,60,False
266,0,[-2.25678056  5.51701682  1.28318678 -5.48923233 -1.40308713  3.99463301],0.018126792911713416,0.028652133885429806,2.504026601312109e-07,0.0,19,False
267,0,[ 0.9778064  -0.35313145  0.33407869  1.245108   -2.15924998 -0.17391483],45.04651526608556,0.0006559167891891393,0.0020291886686722676,0.0,60,False
268,0,[-1.16491392 -4.20708351  2.84684578 -1.23323461  0.96590877  0.3400978 ],1.790778242596661,0.14527730103473516,9.635987899447285e-06,0.0,29,False
269,0,[ 5.02268747  1.59660401 -2.30612672 -4.38848135  2.48903649 -3.97624075],0.03516515302198771,0.909235823989088,0.000251831437788298,0.0,24,False
270,0,[ 2.82419246  0.56911208 -0.48560554  4.15588938  1.3661809  -3.32433627],4.168708713083263,0.8244723331324121,0.0002244432332346766,0.0,19,False
271,0,[ 0.76611552  6.0813009   2.66606079 -2.48821488 -3.3795702  -1.20266029],32.7857660705077,48.97084218431591,0.7315911564429418,0.0,60,False
272,0,[ 5.02257406 -0.68502178  2.47645393  5.71899133  4.77725072 -3.89349065],0.12708666677870362,0.36498794936296963,4.0596127107403e-05,0.0,12,False
273,0,[ 2.69892818  1.10244865  2.1598148  -1.8151274  -1.53277465 -6.24239477],6.885875848514008,0.14246691732943084,5.359805191112658e-05,0.0021353146750310403,60,True
274,0,[ 4.33148553 -0.77933893  2.42870702 -1.14172663 -3.65590059 -0.82743329],708.1131886590063,46.24464732368093,1.1528691732364118,0.0,60,False
275,0,[ 4.11834461 -2.85417997 -0.17100788  2.29630224  3.32598678 -5.08356751],144.41399363148628,0.027674405839234466,0.02085563485477246,0.0,60,False
276,0,[-3.77825457 -4.04601524 -1.39605182 -2.51283307  1.35602396  1.70035007],0.041546057704322424,0.12310208651918535,4.617936137171307e-06,0.0,11,False
277,0,[-1.26175366 -1.81186733  1.45548327 -1.28043575  1.0071102  -4.17979148],0.045658865900325966,0.7701629781735393,0.00018068621584047353,0.0,16,False
278,0,[-6.28318531 -6.0567899  -2.80794855  3.65482044  3.14999992 -4.10776316],390.48850915408326,8.136385338195119,0.172647182421397,0.007568999999999999,60,True
279,0,[-0.95660821 -4.6256629   0.15983636 -6.28102771 -1.37796994  2.62689548],194.46816966181635,0.21778447251825958,0.037832317039131584,0.007198232747930683,60,True
280,0,[-6.25417531  1.70597029  3.01365945 -1.03744252 -0.35269426 -3.27737554],733.4249751697796,27.192990357370153,0.7631642029219112,0.003362840126304101,60,True
281,0,[ 3.10897295 -4.76334845  2.70173978  1.79423557 -3.46442913 -2.28571181],0.026812545015712414,0.343535549228252,3.5950653511403493e-05,0.0,17,False
282,0,[ 6.28318531 -3.33440842 -1.01112175  2.70644406  1.60272252 -6.28318531],685.0068788824948,54.91010033628454,1.3876922304776682,0.015137999999999999,60,True
283,0,[-2.92800258 -0.15670043 -1.84023653  5.79701455 -4.41432071  0.65647155],0.004285072193242514,0.3105083119606203,2.9369832331007298e-05,0.0,10,False
284,0,[-3.83040207  2.623301   -2.61370028 -5.58575154 -1.40504376  5.93653029],68.5153306746597,12.633000404194574,0.053309066788329515,0.0,60,False
285,0,[ 5.98314398 -0.45185389  0.74985697  1.26140003 -6.28318531 -6.18050206],29.465154473426995,22.781590561096067,0.1589649007556698,0.007568999999999999,60,True
286,0,[-3.96818653  1.07375773 -0.18204923  2.80472137 -4.33697055  2.17886263],258.0667475215748,1.843514079948457,0.0676337019303188,0.0,60,False
287,0,[ 0.27511071 -1.62810812 -2.55559996 -0.24232092 -1.45040397 -4.84407928],0.08190970949835737,4.4892613878049254e-05,6.709814419841639e-09,0.0,25,False
288,0,[ 4.33332116  3.04074225 -0.12862005 -3.28717401  1.51473735  4.07272313],168.97101911301107,0.13980595470644816,0.02855715926230585,0.0,60,False
289,0,[-1.85913142  4.87825027  0.27291029  1.64328487 -2.18605596  3.0843366 ],0.1155659194464977,0.0002892846539976788,1.3380973832422237e-08,0.0,16,False
290,0,[-2.71726629 -4.34990462  1.90017064 -5.33010814  0.56187994  2.06792993],0.09730639558607412,0.48641948402742924,7.208314246323002e-05,0.0,37,False
291,0,[-1.65429551 -4.95587417 -2.5291801   2.05854284 -1.45644384  3.92035363],0.04766659162961209,0.9083718810691614,0.00025135412973460177,0.0,48,False
292,0,[4.5228073  0.40349359 0.89263555 2.27921953 1.12068016 1.2564351 ],2.2111257452064845,0.33994694988994234,4.0091862854148855e-05,0.0,9,False
293,0,[-2.19834071  2.06338351  0.96242429  1.47301229  1.6232369   0.75016117],0.05645830274306916,0.11137679906350989,3.7819030799588028e-06,0.0,43,False
294,0,[-1.48156891 -6.28318531 -0.62254004 -0.79457957 -1.18123657 -3.30914197],459.24775839674464,21.149609847005486,0.34716570215638637,0.007568999999999999,60,True
295,0,[-4.82616093 -2.50317151  0.25795196 -4.13018056 -5.05836444  1.35468279],75.73044476538705,0.0971028395223056,0.005737972490269464,0.0,60,False
296,0,[ 4.96658564 -3.63204599  2.12268882 -6.28318531  6.1064696  -4.4509517 ],118.72900787233492,50.26971500765509,0.783878275503367,0.007568999999999999,60,True
297,0,[ 3.60565596  2.8953404  -3.09777698 -6.28318531 -4.30142935  2.53583452],393.3355862885845,5.9446957965850675,0.1654778827574412,0.009433886311590678,60,True
298,0,[ 4.11262917  5.9566621  -3.14159265 -3.06436697  1.7200016   1.42739361],103.78162308754656,0.33097994935402525,0.010803995436589553,0.007568999999999999,60,True
299,0,[-4.5022692  -1.1776348   2.46975905  4.28226283 -3.35945678 -2.83239288],0.33412665393042673,0.8784018433871162,0.00023515133416329075,0.0,27,False
300,0,[ 4.21000705  5.79449675  1.68269429 -2.91803919  1.63796164  0.40776883],2.582658650335964,0.08616027585422595,8.931481490569376e-06,0.0,12,False
301,0,[-0.02538781 -0.58664099 -1.11927645 -6.23516531  1.0787159  -2.23005352],4.9542296286193395,0.009371414765964332,2.457114375507729e-05,0.0015194403982892143,40,True
302,0,[-5.56492845  1.77078796  1.05143387  3.82144544  5.91966529  0.62686598],0.06729161104727613,0.8816271106434912,0.00023677340190785947,0.0,60,False
303,0,[ 1.093865    1.307714   -0.15185251 -4.6500062   5.74835181 -0.67987474],51.00828296799728,0.00017844661070804288,0.0026018449410432727,0.0,60,False
304,0,[ 4.09918721 -6.20922576  1.44671438 -0.34417469  5.1515519   1.4905696 ],1.4827782419390594,0.7633640572752336,0.00017970672098250646,0.0001700533319904166,38,True
305,0,[-5.04693456  0.80620847  1.77287785 -0.58837709  0.73375987  6.13697442],3.5984728602259555,0.5832698471798577,0.00011658098467798787,0.0,9,False
306,0,[ 5.70897119  0.16574142  2.82433418  0.13920386 -0.64193133 -0.92885733],562.5119796956963,25.450868393125536,0.513734656328855,0.0,60,False
307,0,[ 2.63892089  0.56358377 -0.27589051  0.55281861 -2.10682298 -1.67494691],80.9959029406153,28.26814101652897,0.24997639905529245,0.0,60,False
308,0,[ 3.41683655 -0.08415221  0.52744857  1.13449073  5.46020261 -1.6065403 ],1.1752672854598958,0.09670771017534839,4.230151424519728e-06,0.0,21,False
309,0,[ 1.28753474  5.98275881 -3.14159265  6.28318531 -3.17618375 -6.27225001],877.9182275405723,20.085711587231224,0.8936339897292116,0.020923838339357976,60,True
310,0,[ 5.94611394 -2.77354326  1.26009057  0.68783093 -4.63288215  4.86747712],2.6460459286362035,0.21368701584655064,2.0911042551036256e-05,0.0,8,False
311,0,[-5.90193271  4.19886571  1.38094473 -1.14859041  1.67320962  4.96333736],0.015845569261188783,0.10735354343166893,3.510900830654249e-06,0.0,27,False
312,0,[-4.83709613 -4.48942879  0.38540892  3.53344533 -5.45484152 -3.50488679],4.454341711317622,0.00582382151709373,1.985149175885449e-05,0.0,16,False
313,0,[ 1.71167657 -0.56457494  0.20371029  1.79028588  5.15528767 -0.38809277],74.4837581585618,0.0006574216297874964,0.005547830361079744,0.0,60,False
314,0,[-4.37505442  3.0707579   1.99884584 -3.99140572  4.08601093 -1.42986934],0.09777500270928688,0.9124098600888839,0.00025360104967897214,0.0,12,False
315,0,[ 1.88731315 -2.32899671  0.10712215 -4.96812937  2.44215445  2.57573007],22.184724520179795,0.003209164012073087,0.0004921651392099402,0.0,60,False
316,0,[-6.28318531  1.64626788 -0.02796545  5.24341216 -6.28318531  6.28318531],272.2018179425028,52.64732050526243,0.9184142253715366,0.022706999999999998,60,True
317,0,[ 0.58932771  3.44942226  0.2606724   0.57863594 -4.93313748 -1.66710227],117.39156690901214,0.12162182298549351,0.013785285841964152,0.0,60,False
318,0,[-2.13344461 -5.80164872  0.34647599  2.86459369  2.39533247  4.36269944],34.20961691704537,0.0031169218889285882,0.0011703008490307819,0.0,60,False
319,0,[ 3.65750513  2.12965085  1.13999207 -6.28318531  4.65360835 -1.51166574],72.64723631065138,27.244983665589288,0.23139182196416624,0.007568999999999999,60,True
320,0,[-0.8217614   3.84445747 -2.59656564  3.63839169 -4.21023709 -0.935039  ],0.15673479367171844,0.07257323687524171,1.628947580214907e-06,0.0,17,False
321,0,[ 0.14271735  0.3452513   1.49440775 -6.01956535 -1.25056551 -5.16361719],0.24232416630294032,0.7464347943113796,0.0001697808558928629,0.0,25,False
322,0,[ 4.37527641  3.05785689 -0.25667423  1.44927835  5.97294946  6.22135889],4.939091443438273,0.4197869916415534,7.807464667079681e-05,0.0006337092168408205,38,True
323,0,[ 0.35168749 -3.05218386  0.00647701 -5.20962717 -4.06347677 -0.07616472],0.16052206794404844,0.5725618676484543,9.988761032235915e-05,0.0,16,False
324,0,[-5.21772558 -2.71361811 -1.77691146  6.1251956  -0.87063975  0.86195932],0.27498861865704466,0.07468664385536067,1.7748035766690307e-06,0.0,25,False
325,0,[-6.28318531 -1.70692911  1.56287406 -0.63726513 -5.50311361  3.47556438],551.9892759488083,35.367941836154145,0.6857354439647132,0.007568999999999999,60,True
326,0,[-5.23375142  1.58958297 -1.75076637 -5.51469432  5.1791686   4.22189358],0.015055699970859848,0.7389907290216647,0.0001663540225896048,0.0,7,False
327,0,[ 4.49566515 -1.27733199 -2.17477111  4.01735642  5.31795469 -3.06489753],0.036656695463705,0.9073081631941188,0.000250764871996293,0.0,26,False
328,0,[ 6.22068009 -6.28318531  3.12028623 -5.9152663   5.2431443   5.61697716],778.5738930173844,36.68400954174659,1.01610601195918,0.012484639870313625,60,True
329,0,[-3.55235923 -4.15423646 -0.70730812  0.62871248 -1.20172162 -1.26716407],0.0623635361200065,0.24567478145764704,1.8389408126197767e-05,0.0,23,False
330,0,[-0.28700572 -3.98928871  2.21097796  2.49008355 -3.39998864 -5.94921306],0.19306064893416436,0.34058617000915675,3.537256997172498e-05,0.0,19,False
331,0,[ 3.99217428 -1.22656695  1.51558847 -1.71262392 -5.46154625  6.2421165 ],4.698559410169985,0.09774672698714909,2.4986904102040267e-05,0.002109674536168467,46,True
332,0,[ 6.15303817 -2.22789056  0.95633481  6.28318531 -5.17478079 -6.28318531],183.89571211817102,56.68138732860437,1.0124862862002932,0.015137999999999999,60,True
333,0,[ 3.03317315 -6.19815373  0.25264051  1.4112961  -2.26170259  0.5622409 ],226.89786766696167,0.026298816904856595,0.05148285303368099,3.874673254508819e-06,60,True
334,0,[ 5.12263294 -0.44764159  2.63413228 -4.44343106  6.28318531  6.20420341],326.5132120487252,57.17101027729932,1.10226035179286,0.0076332899707688305,60,True
335,0,[ 2.75847573 -4.4062718  -3.07846554 -1.96839995  0.14834246 -0.38079539],380.4174505889013,8.927472602687395,0.16899537411555246,0.0005699146554131289,60,True
336,0,[-2.13472796  0.06526169  1.502697   -1.91040845  6.24914322  3.47396283],4.836691397085485,0.005671790485987683,2.340338297157021e-05,0.0028045410478896656,49,True
337,0,[-4.5442788  -3.99227757  2.74413437  4.83095509  5.87351384 -4.40905895],0.26903498999507863,0.10447474995302233,3.3972708532114187e-06,0.0,50,False
338,0,[ 1.89302823 -5.23330679  2.61897486 -1.41098767 -2.19367803 -0.81621373],0.9453450999435832,0.8128644490617494,0.0002021692148401472,0.0,15,False
339,0,[ 0.69227713  2.109572   -2.42768854 -1.40517173 -4.86159374  2.69824881],0.011944899063011853,0.2156172677802989,1.4162052098412458e-05,0.0,17,False
340,0,[-5.51160981  3.47638464 -1.9641295  -0.54630674 -2.27995192  1.31028577],0.11761699736634341,0.6528301001938778,0.00012983786060559395,0.0,6,False
341,0,[-6.12201695 -1.75451759  3.10685955 -1.31609263 -2.7336871  -1.08197125],499.5750345491194,56.86732791526974,1.2346753518650473,0.0027318285640362074,60,True
342,0,[ 0.68008873 -0.33219311  0.28010844 -5.07065215 -2.53738353  1.43159165],237.41183709330085,5.053969562698954,0.0641451038393787,0.0,60,False
343,0,[ 4.64671366  5.03564624 -0.53273396 -3.1602961   0.20655029  6.24278652],107.95703621328566,0.1476708099668433,0.011661364358932391,0.0021716731245497475,60,True
344,0,[-4.21443798 -0.78807739 -1.15152454 -6.28318531 -3.23190467  5.93318531],115.9432478012447,15.382380190499033,0.08552068569019076,0.007568999999999999,60,True
345,0,[-0.59704777  4.33733662  2.92372756 -6.25368297  3.69741038  0.02005569],124.60880868966099,44.888001678687765,0.62931095370824,0.003305981639136897,60,True
346,0,[ 0.41330138  4.4696426  -0.10207015 -1.15610076 -2.06055455  1.14961745],18.295743922220886,0.0001498762492837566,0.00033473425251007014,0.0,60,False
347,0,[-2.29481466 -2.05789371  0.08247521 -1.85539252  3.7916931  -1.963873  ],28.756226430679472,0.0005856970884121843,0.0008269206630287972,0.0,60,False
348,0,[-3.14182582  3.11765288  0.78043395 -5.33546085  3.00129673 -4.98199609],0.16926146103593248,0.7861997564800207,0.00018831574017693262,0.0,51,False
349,0,[ 1.14326237  1.2784777  -0.07705168  5.39188333 -1.17550487 -0.25244281],1.81240343147985,0.005007028441000708,3.2924430588380215e-06,0.0,16,False
350,0,[-2.69624292  1.48197091  2.36957464 -5.91657516 -4.58792881  2.32666056],0.04615319384129064,0.9271696015079454,0.00026186450587313234,0.0,14,False
351,0,[ 5.06796284  0.6944867   1.51323147 -2.90351182 -3.96767349 -5.36164301],0.02722887134710194,0.7512805473658021,0.00017193365510530535,0.0,43,False
352,0,[-0.69167419 -0.56311033 -2.65757705 -4.15101962 -3.86514101 -1.89354502],1.0384807190915688,0.038225014299852,1.5235344702472193e-06,0.0,19,False
353,0,[ 1.51769544 -0.17953131  0.80379834  3.08663583  1.02021465 -2.42054938],1.0798225670748405,0.0008074675614084987,1.1662153880984533e-06,0.0,18,False
354,0,[-5.60379798  2.93224315 -3.11936126 -2.80881196  2.68375715 -2.35095785],335.605525209105,21.764550548434453,0.2569270184395054,0.004194972779746925,60,True
355,0,[2.35520855 3.00551317 2.37161235 2.47335687 3.5059073  4.8296002 ],0.010337873932023758,0.31769448163514896,3.074507715021172e-05,0.0,12,False
356,0,[-4.08314759 -6.28318531  3.14159265 -5.45644201  0.49734935  3.38060056],949.439759342533,34.01330991541105,1.2538493492401166,0.015137999999999999,60,True
357,0,[-5.01571186  5.99532828 -3.12969547  0.83695695 -3.15224508  3.75763041],679.493105090098,3.8384760579162127,0.4661990819933672,0.00564043295499006,60,True
358,0,[ 2.59220907 -6.28318531  2.36897886  6.28318531 -3.06452476  0.04230028],404.80675668730305,2.045767696379163,0.16514338456579844,0.015137999999999999,60,True
359,0,[ 5.15431143 -3.15913228 -1.33033285  2.94794143 -4.2859438   5.85057677],0.0601248742702852,0.15525648705488126,7.346288982032916e-06,0.0,21,False
360,0,[-5.85521751  0.81463285  1.84721382  1.80865421 -5.37489435 -1.86594785],81.22063788917409,28.848671114839174,0.26011336788695727,0.0,60,False
361,0,[0.9415583  3.48908654 1.45617128 6.17792187 2.43001353 4.25552506],0.09505202864278556,0.838586788601541,0.00021422447346085985,0.0,51,False
362,0,[ 4.6598721  -0.36908739  1.04072418  5.42669042  2.23981419 -0.18931104],2.6226699495367822,0.8775186349189168,0.00024144567715883578,0.0,16,False
363,0,[-2.92509958 -2.7153485  -0.2284318   1.95338891 -5.15219436 -5.21147304],197.23897096251156,1.7224232785136058,0.03980693294444382,0.0,60,False
364,0,[ 6.28318531  4.54938641  2.6311077   5.17752804 -0.25670267  6.28318531],790.7654258876544,52.92231633636489,1.4784737667499406,0.015137999999999999,60,True
365,0,[ 2.2766253   5.95641544 -3.14159265 -2.67846181 -4.88017006  1.38173592],134.53954104322568,2.5381549554987224,0.020063303760500587,0.007568999999999999,60,True
366,0,[ 6.28318531  0.74765018  1.84720792 -5.85421315 -6.28318531 -4.07650038],892.4675868405936,1.5709765410347474,0.7972501793898263,0.015137999999999999,60,True
367,0,[-6.28318531  6.07945938  3.14159265  5.9328944  -1.64594504 -2.65931658],175.0729017620637,20.803183196662,0.16248054225212047,0.015137999999999999,60,True
368,0,[-6.28318531 -1.82610577 -1.07694607 -4.90741633  2.34010546  5.35710826],414.5366969225271,16.00674938755128,0.24988853783012155,0.007568999999999999,60,True
369,0,[-5.01363679 -0.53292476  0.05039204  1.89493371 -2.76029787 -0.48518717],50.027792647233426,0.06665098672841883,0.0025041332555775513,0.0,60,False
370,0,[-3.6090991   0.09479639 -3.14159265 -5.86963939  4.92428336 -1.0528798 ],474.52164460629604,52.119255458511525,1.0526386646977526,0.007568999999999999,60,True
371,0,[ 6.26189732  0.9062575  -2.588327   -3.55958233 -0.73680817  1.40360894],2.2904852219060094,0.3885982301428518,5.1246167918712216e-05,0.004318068657633957,12,True
372,0,[ 2.48986985 -5.82650612  2.72514437  4.86238222  5.20098767 -6.00600607],73.24370280162574,1.2236167309654515,0.005820724747307171,0.0,60,False
373,0,[ 6.28318531 -3.01376662  2.0303842  -2.1784325  -1.39528495  5.47722785],683.3867433558474,15.257518213783943,0.537929897357682,0.007568999999999999,60,True
374,0,[ 3.28827419  2.98773771 -0.96098994  3.83186483  1.61275054  2.79958659],0.44701772541507956,0.06576849963611052,1.5174461388647554e-06,0.0,12,False
375,0,[-5.38066474  2.61469235  1.75337911  1.83895423 -0.80981232  3.91282568],0.024101488006340648,0.8697152951816147,0.00023041462728751872,0.0,15,False
376,0,[-5.95762971  1.47811066 -0.89043129  3.24565879 -4.41704306  3.99339841],0.14430758733395269,0.057845970626828815,1.0401221834811735e-06,0.0,17,False
377,0,[ 5.20494739 -1.11801892 -2.08043821 -4.82156944  2.27624098 -5.96735199],48.23746473244495,2.0625434224957058,0.003622721512678269,0.0,60,False
378,0,[-1.83357892 -5.79144412  1.825471   -4.44361803  1.28187451  6.11485217],0.43367928677829864,0.02453120936951145,3.71390465675484e-07,0.0,17,False
379,0,[-2.72856954  0.75206316  1.73383878  0.5972603  -4.124889    0.47355557],24.527700526815426,3.3101114315721007,0.003939251719107336,0.0,60,False
380,0,[ 1.26470761 -4.26512507  1.68636935  4.83599612 -1.89215592  1.86016443],0.024930632829190585,0.11110724358367118,3.7610686236587202e-06,0.0,10,False
381,0,[-0.85333994  0.57286659 -2.06095371 -1.99721791 -1.77614406 -3.6685535 ],0.0074757122121239,0.6671868502953578,0.00013559693421126104,0.0,20,False
382,0,[-5.49956272  5.95407864 -3.14159265  6.28318531 -4.22398128  3.53113996],184.03914962605603,57.012843778418734,1.0240184737378069,0.015137999999999999,60,True
383,0,[ 0.06656769  0.51565171  0.09181043 -5.21138361 -0.84506167  6.28318531],357.3753566352616,54.58581772135959,1.0353587115027925,0.007568999999999999,60,True
384,0,[ 3.66637907  5.95976992 -3.14159265  6.28318531  4.83735157  2.67046343],1096.836731443184,11.981520333802115,1.2467807264408548,0.015137999999999999,60,True
385,0,[ 5.9163741   1.80896042 -0.51721746 -2.61397988  1.28900083 -0.2492127 ],0.8345731588627799,0.9567416153436805,0.00027952944398234025,0.0,23,False
386,0,[ 3.20340745 -4.13140151 -0.29247784 -2.79885842 -4.96898283 -4.99790698],0.11807919490754819,0.2876679898488158,2.5221909161718815e-05,0.0,36,False
387,0,[ 2.07891055  5.96149177 -3.14159265 -5.83480357  1.61579487 -0.31491842],1067.248735341535,20.280299276544312,1.2643061257836594,0.007568999999999999,60,True
388,0,[ 3.00576085  0.22292823  0.21511519  1.28497055 -0.24024635  4.62610872],133.9202657618347,0.09857972122395944,0.017937597842058842,0.0,60,False
389,0,[ 1.09864034 -1.95658933 -1.59502021 -5.84598002 -0.16078233  5.77937316],1.2208772915545072,0.21583911232694017,1.568160761442817e-05,0.0,18,False
390,0,[-4.94226108  0.90110052  2.69715438  0.78426167  0.54998345  3.46465649],71.54493009113696,5.7649513524100255,0.01524253464604182,0.0,60,False
391,0,[ 4.48845426  0.49590103 -0.28604812 -0.35150705  2.04477581  1.96339583],0.11992182913500732,0.7453868442104016,0.00016926029108073925,0.0,15,False
392,0,[ 1.69099901 -5.20817829  1.80899956  2.16112166  1.39808174 -3.22154422],0.2015600071624599,0.010039308067326025,7.132812757864878e-08,0.0,12,False
393,0,[-2.93572654  6.28318531 -3.14159265  6.28318531  1.74438245 -5.65069906],797.6531660818134,10.821181709558541,0.6719206559379702,0.022706999999999998,60,True
394,0,[-3.40949071  1.16069641  1.84643132 -4.47037469  6.28318531  2.53209805],240.9035004082007,37.39258810290883,0.4839522924303304,0.007568999999999999,60,True
395,0,[-1.51711576 -1.57439811  1.31834298  6.23774564  3.7964929  -4.72343863],4.999950442152321,0.20170530401022838,3.7392873184738745e-05,0.0017272615456607903,35,True
396,0,[-2.26670644  2.30751135 -2.74807335 -2.40113057  2.09193291 -5.22983131],0.010263047661696306,0.126599048177069,4.882305889824699e-06,0.0,19,False
397,0,[ 0.32652391  4.01003641  1.49160867 -2.67577844 -1.37048951  0.9557706 ],71.73665892119077,3.9309515977621996,0.009853212499666003,0.0,60,False
398,0,[-4.52886487  1.66315346  0.15237171 -5.75175036 -1.23453104  0.07247659],153.32472887151977,0.2640493307202705,0.023529711034210064,0.0,60,False
399,0,[ 2.53492575  1.32319831  0.95726774  3.74709647 -2.46573514 -6.25509841],9.481718842051329,0.725125742534052,0.0002500730681725688,0.0034707539360773246,60,True
400,0,[-6.28318531  6.28318531 -2.44631342 -6.28318531 -1.78775596  4.30909738],741.6161687297761,4.1791823726595165,0.5553148571594366,0.022706999999999998,60,True
401,0,[-3.3787827  -1.01116215 -3.1173998   4.19800256 -3.97974879 -4.06590984],345.1274671443167,48.59080918681162,0.8383350260773371,0.00394473716457561,60,True
402,0,[-4.88109292  5.29856397 -2.59958165  2.55546149  1.23726013  3.99400039],0.6720141556739256,0.37857111602767735,4.410818054177231e-05,0.0,17,False
403,0,[ 5.49706763 -3.41092941  1.46624228 -5.47467068 -4.12103445 -2.28109541],0.011817532730896118,0.4205400865310842,5.3872937962435486e-05,0.0,11,False
404,0,[ 1.82666761  3.08836531 -2.05832431 -0.3532185  -0.56475091  1.75311366],46.90404429985795,57.01230788586743,0.9923294407970812,0.0,60,False
405,0,[-2.93253681 -2.85650684  1.46635773  5.50262421 -5.38872508  1.15956013],0.7625993220478147,0.8015537387555546,0.00019629471519283298,0.0,9,False
406,0,[ 1.66474814 -1.70269511 -1.63440003 -1.48380118  4.13271201 -5.90302143],1.2531171391423936,0.2664014551121974,2.318892021014783e-05,0.0,46,False
407,0,[-0.27092796 -4.46890026  0.73969266 -5.23996838 -0.47977334  0.59620428],0.16801774726153865,0.7812333500550404,0.00018594402339301269,0.0,21,False
408,0,[-3.73957052 -5.66600021  1.0538919   0.50655303 -3.74646475 -0.98163063],0.052020578300315895,0.8576690427104592,0.00022407811857579727,0.0,22,False
409,0,[ 0.56228986  5.10510207 -1.65910253 -4.87520363  3.23494197  1.21470825],3.171008448604796,0.7628593814172782,0.0001873287532529299,0.0,45,False
410,0,[-0.22779502  0.81206719 -0.14204022  0.06707767 -1.78869866 -4.76077101],139.124465026836,0.06748555376858403,0.019357004088108327,0.0,60,False
411,0,[1.13407937 6.19612129 1.07574492 2.43365312 3.3598214  3.02768978],0.3434095357094687,0.7188377808522026,0.000157522205624484,0.0,19,False
412,0,[-1.00010153  5.84272133 -1.59825219  4.80527197 -3.01898674  4.10574355],23.66199713471747,48.83189343339107,0.7269365209692312,0.0,60,False
413,0,[ 2.1944369   1.05138681 -0.41897556 -4.59899756  3.99291138 -5.08796076],0.5544843751657575,0.09390927409871669,2.9938592531900536e-06,0.0,20,False
414,0,[ 0.80550857  5.17173782  2.33630779 -5.27372674  3.69338804 -1.34198515],1.9323809292694096,0.9595078342504177,0.0002841817331772059,0.0,13,False
415,0,[ 1.86981394  1.75204523  1.87588864 -5.24328793 -3.46504226 -3.13031414],0.13557932785063662,0.8646355825859222,0.00022774874747340457,0.0,37,False
416,0,[-0.04980156 -2.42871935 -0.68571194  1.9632489   1.20592433 -1.10833291],0.2640585244180446,0.04000470421759601,5.572294216477468e-07,0.0,48,False
417,0,[ 2.48780132 -1.57443062 -1.33711868 -1.53484231  3.9264674  -0.40938148],2.3124435354491757,0.11643490937216766,9.477120307729925e-06,0.0,36,False
418,0,[-3.51654679 -6.28318531 -1.54044628  6.28318531 -3.61405915 -2.86188496],490.94699871066217,9.644527892224708,0.26936352918106743,0.015137999999999999,60,True
419,0,[ 2.86206489 -4.27118557  2.11306457  1.36519997  1.82613745  2.28711017],0.08109147603936058,0.0448899930231726,6.204138851631064e-07,0.0,12,False
420,0,[-6.28318531 -2.33087917  1.63146548 -5.53736575  0.60283975 -5.83040656],996.0600468532057,17.69179093943383,1.0874807068611143,0.007568999999999999,60,True
421,0,[-0.48726018 -2.19721514 -2.74944205 -5.26770257  4.71946855  6.28318531],12.191259610359035,31.974181522178824,0.31157372321037,0.007568999999999999,60,True
422,0,[-1.88851546 -1.18991478 -0.80150073 -5.30042847 -0.01432185 -5.90581161],66.0479982046615,2.119282457653598,0.0057304839933616635,0.0,60,False
423,0,[ 2.95899472  2.18723982  0.93684623  3.68754847  4.65368785 -6.28318531],15.765713008542132,57.01702833990064,0.9905419756237503,0.007568999999999999,60,True
424,0,[-4.93849444  5.34507759 -3.10761789 -2.2317438   1.64009115  0.80993638],391.7363908244214,36.88016401704003,0.5677817166256118,0.0028116761266086293,60,True
425,0,[ 6.28318531 -3.99450104 -1.24289561  3.71790764  1.62627563 -1.9207634 ],297.5039712637217,26.75673637104451,0.30659121204115025,0.007568999999999999,60,True
426,0,[-6.04532008  5.75351166  1.93766576 -0.65859995 -1.19463219  6.28318531],12.608590153750214,18.862749929810445,0.10854287037884582,0.007568999999999999,60,True
427,0,[ 5.06665395 -4.233367    0.30795601 -3.7883663   1.34872033 -6.23588123],52.496229164404774,0.06444272620338969,0.0027571191114907,0.0015757661765601377,60,True
428,0,[ 0.79032286  6.28318531 -2.08028418 -6.28318531 -2.60727858 -1.81994008],345.6723752275683,2.4887238011861834,0.12137611396911246,0.015137999999999999,60,True
429,0,[ 4.07926475 -1.79995195  1.977236    4.40493106  1.59720355 -4.55140073],0.026868807031876836,0.7631689033213568,0.0001774180633469868,0.0,19,False
430,0,"[ 4.55604288e+00  4.64540181e+00 -3.42808418e-03  3.32024287e+00
  5.75509973e+00 -6.28318531e+00]",68.81978476713442,57.04461300898187,0.9959880145128149,0.007568999999999999,60,True
431,0,[ 3.49208878  3.31036397 -1.66684011  3.83250298  2.35100472 -4.07079734],0.03453432883024753,0.5754519374220154,0.00010087370746728374,0.0,9,False
432,0,[-4.6809533   4.33961971 -2.46518713  2.78629783  0.77643323  6.28318531],42.869352229119265,45.91905563798249,0.6441417877106562,0.007568999999999999,60,True
433,0,[-0.66386918  0.22167827 -2.26183898  6.10567785  2.56875726  4.89968339],1.3836850202503492,0.26114668092262,2.2688757818990828e-05,0.0,14,False
434,0,[-3.7342227  -3.23033015 -3.09689504  5.06751778  3.39694856 -1.56067632],63.29023410993728,0.15035661068052372,0.004012540253322036,0.0017894919989628027,60,True
435,0,[-0.12484463 -5.22429695  2.04991316  1.93062005 -4.94939776 -5.52374336],2.1604761475877767,0.08316421193976391,6.774478425072603e-06,0.0,24,False
436,0,[-5.17284954 -6.0013518   3.12210361 -3.85229345  0.02509011 -1.75158001],949.9071837823701,20.320494847948613,1.0281070476330532,0.004557728960993672,60,True
437,0,[-0.12817966  1.69018585  0.11813922  2.9488586   1.61979153 -6.28318531],94.24312935307756,50.76858408851604,0.7940176711498037,0.007568999999999999,60,True
438,0,[-1.27912632 -2.53700083 -1.84575487 -0.46025732  5.03997648 -3.86519436],0.1452919521727924,0.5151570387459848,8.086254426625393e-05,0.0,13,False
439,0,[-1.22040205 -3.91041555 -0.0476714  -3.13704554 -4.02932279 -0.25099219],232.27727144642833,51.18716582104777,0.8520887356491785,0.0,60,False
440,0,[ 3.38652561  5.62084883 -1.62017056 -4.14904538  0.86490216  1.04713708],1.2761054603151343,0.6833734624212071,0.00014388456364637184,0.0,30,False
441,0,[ 3.68858674 -5.6748137  -1.51691775 -3.50608244  5.19034606  3.02213486],0.01840198992840941,0.18155702355996892,1.0041428264925182e-05,0.0,12,False
442,0,[ 6.28318531 -0.08674715 -1.35656545  2.49614702  6.28318531 -5.66477953],823.3970479185197,0.1989171679888453,0.6779947516350987,0.015137999999999999,60,True
443,0,[ 6.28318531 -2.00655172  1.02375886 -2.73349414  0.72961153  1.253264  ],342.5635433030803,31.662414536967173,0.42273133205156027,0.007568999999999999,60,True
444,0,[-0.88528459 -2.25878489 -1.51487058 -0.47932386  5.42066445  6.28318531],17.948620377925565,31.83298275320747,0.309002800847318,0.007568999999999999,60,True
445,0,[ 4.9025835  -5.13032561 -1.49471512 -0.80312524  1.71750428 -0.16582569],0.7835974412978062,0.05193580369466707,1.4356779559499689e-06,0.0,19,False
446,0,[-3.70756318 -0.24933792 -2.46403019 -2.86298556 -1.27741169 -1.45576211],4.085599607913382,0.3740063145750834,5.930222917853148e-05,0.0,30,False
447,0,[-2.84156787 -3.15807777 -0.01277999 -3.19749589 -4.89302495 -5.18805896],4.514172605827442,0.07465349052615805,2.2075430953277903e-05,0.0,11,False
448,0,[ 1.87927796 -1.28358071  2.41914476 -0.3288293   4.76643398 -2.1168793 ],0.025173361130710392,0.9351875202058051,0.00026641162621539826,0.0,13,False
449,0,[-2.34628788  6.28318531 -3.14159265  0.90736933 -1.24963565 -4.0872051 ],414.15801891094634,27.49375043848821,0.4017890953477479,0.015137999999999999,60,True
450,0,[ 1.53932242 -6.04033458 -1.50804639  1.09174775  1.27916636  2.20331523],0.030066228764799113,2.445365573184946,0.0018215560458148356,0.0,60,False
451,0,[-5.62757073 -6.28318531  3.12074664  2.84831117 -5.1197797  -1.46957513],373.0601835643602,29.631500420865844,0.40663585950014824,0.011945349893338925,60,True
452,0,[ 4.61341338 -1.46476973 -2.45385359  3.39475005  2.00466632  0.79633238],0.004955752931838156,0.7357772698742028,0.00016491020601493565,0.0,23,False
453,0,[ 4.10371806 -3.61168963 -1.06491293 -6.23436435 -1.34513887 -1.01250101],4.960252026183516,0.10056980133497702,2.7685087544837638e-05,0.0014576393832340185,60,True
454,0,[ 0.89127757 -0.61447136  1.97175666  5.7931231  -1.37739768 -0.06937352],0.06200202997423904,0.6281549545251043,0.00012019937357163473,0.0,10,False
455,0,[-3.98379934 -2.23004656 -1.46429761  2.54596079  1.70816005 -3.84502301],0.01914280658025683,0.0648430095634467,1.2811656904198515e-06,0.0,17,False
456,0,[ 0.30467443  4.68717572  1.5887069   5.46220517  2.8833591  -2.06097501],20.141828746616042,34.80820658025333,0.36948358460333725,0.0,60,False
457,0,[ 5.02907589  4.34810943 -2.84115577 -2.81832406  1.30902812  0.09334908],2.7696168777677315,0.24143489765091933,2.542717372929976e-05,0.0,20,False
458,0,[ 3.65238232  3.06398309 -2.29914001 -4.27501573 -0.68907084 -3.483625  ],17.761042644751075,31.370879128536576,0.3000992226591027,0.0,60,False
459,0,[-6.28318531 -6.23428127 -2.14560436  2.90632588 -3.14405356  0.38713978],89.27406745420642,0.08419965438610104,0.007972018729933097,0.009020302251871164,60,True
460,0,[ 6.09590979  0.26368    -0.31141435 -3.97629631  2.64871449 -3.60512432],189.04876957516896,1.0832797705247093,0.03609690431556907,0.0,60,False
461,0,[ 3.13114307  1.86634216 -2.52287494  5.87155701  6.28318531  1.34764603],183.41857988773228,21.379137745282407,0.17287310732782296,0.007568999999999999,60,True
462,0,[-4.11711348  4.5219439  -1.46483458  0.08745178 -0.78393234 -1.83014182],1.9224707608571163,0.4912450008481878,7.72066724494858e-05,0.0,9,False
463,0,[-0.46253149  3.53411221  0.08388532  0.66815416  2.23845473 -2.00980447],43.20250454990986,0.0003001706447157079,0.001866456426831748,0.0,60,False
464,0,[-0.56329162  3.855784   -2.58387666  6.28318531  6.26686269  0.19385557],133.70707170120983,0.6390528741119251,0.018001983297176755,0.01256429286969526,60,True
465,0,[-1.4637412   1.0653028   1.76474311 -1.13765392  4.41452802 -3.4463663 ],2.1337957760474513,0.3502070256459879,4.191287592621338e-05,0.0,8,False
466,0,[ 1.60057916  0.8096122  -1.94599898 -4.85333444  5.4665069   0.70533935],0.34133824600708973,0.11091087709938238,3.86367850477965e-06,0.0,6,False
467,0,[ 3.07821582  2.73504628  0.03984274  0.95209561 -0.64324633  2.58186717],30.5193739776578,0.0002668355335088127,0.0009314322096772626,0.0,60,False
468,0,[ 1.58514674  1.37251693  0.97302282 -4.07886756 -5.38647201  2.28363011],0.016046234788489454,0.5244185994482304,8.377457680641387e-05,0.0,31,False
469,0,[ 1.88549828 -5.20123675  1.67955753 -0.31348533  5.35885465  6.21620769],2.2955124947777015,0.16585113460591952,1.3648366782497168e-05,0.00040089572560439814,27,True
470,0,[ 2.92748612 -2.80957415 -2.89889404  6.01003462  4.2432338  -0.91625443],0.03491316946507832,0.9091734124165645,0.0002517968491657769,0.0,19,False
471,0,[ 1.5783517   0.0951051   0.88980146  1.07680784  6.05675861 -5.38241773],2.3903796788577085,0.5489986320660305,9.752545241802481e-05,0.0,16,False
472,0,[ 3.83923889 -6.28175368 -1.35015546  3.05174955  4.79627189  3.91667688],8.614080567022459,0.04414494876816974,7.479601528485627e-05,0.007321946331325088,60,True
473,0,[-6.28036547  3.38725821 -2.13266752 -1.68281034  1.03882343  4.25126728],13.76486685580393,0.006533797676020082,0.00018948456383164608,0.0070862995390942735,60,True
474,0,[ 0.71860007  5.3389986  -0.28704425 -4.08582544  4.47986953  0.65531344],1.5165480875952615,0.21145888880160008,1.5920843884908543e-05,0.0,39,False
475,0,[ 0.79378071 -2.77115266  1.82771632 -5.87027146 -3.51716727 -1.04587766],30.14604012654279,2.9217471761099976,0.0035091827996897515,0.0,60,False
476,0,[-3.18606983 -3.23355631 -2.80780835 -2.84093714 -4.49398922  1.99659692],3.7088865281894767,0.5708477148763256,0.00011302063861092187,0.0,59,False
477,0,[ 4.91727372 -3.13142686  1.03239182 -3.45725033 -1.60865684  2.41081723],0.32168951404624574,0.048250358863379826,8.126630843362866e-07,0.0,19,False
478,0,[ 4.99265284 -5.14463702 -1.91371088  6.23429938  0.94243231  4.06262928],4.981430542307773,0.3592724059518867,6.41336498830103e-05,0.0014526827091413748,31,True
479,0,[-0.03247963  4.34761139  1.48373561 -1.41648963 -5.13937147 -1.7908861 ],3.128065725551501,0.3713695006030634,5.179619983953421e-05,0.0,22,False
480,0,[-4.41271483  1.57093835  1.30373928  6.22707476 -2.11819412 -6.28318531],4.168770739364705,0.5366544151597169,0.00010510784535559513,0.008523158522362776,28,True
481,0,[-5.38852811 -2.97020154  1.39539497  2.94485043 -0.08891697  0.17386122],0.20986932902253472,0.6630489973741206,0.00013396421161637702,0.0,12,False
482,0,[ 1.07593642 -5.13510603 -2.56113732 -4.45788912 -1.74918888  0.74841883],0.008600804668050323,0.8341860444858401,0.0002119730881031826,0.0,16,False
483,0,[-2.26761985  1.60216004  0.91388095 -1.10314371  4.58404259  3.00766265],0.14712045535668106,0.34764359837058173,3.683650909063103e-05,0.0,24,False
484,0,[-5.75136105  4.49468983  1.12009978  3.46902966 -1.10035292  6.13543501],0.030809936219628763,0.070350121336257,1.5085433787647378e-06,0.0,18,False
485,0,[ 4.72932623 -3.32976989  1.41493108  4.83392289 -2.10351989 -1.62005607],57.01321754414382,19.41366221216878,0.11805785175973721,0.0,60,False
486,0,[ 4.07732812 -4.34133817 -0.13137631  1.13584009 -1.32004052  3.8712781 ],69.73834751658656,0.09980123727489423,0.0048664711912587725,0.0,60,False
487,0,[ 1.86533227 -4.0327038  -0.60881591 -6.04970534 -1.59973739 -6.24036495],4.981028440068116,0.014580695015317257,2.487540496896372e-05,0.0019518412787429247,25,True
488,0,[-1.09679405 -2.37560504 -0.02660966 -0.03562147 -0.62542794  1.52407014],33.811044251964766,2.287239931617508,0.0027367825417967187,0.0,60,False
489,0,[-4.87483721  5.21725807  0.55945059  0.37817801  2.14593151  5.6663186 ],4.857332975851497,0.15945383635790028,3.133874174358317e-05,0.0,9,False
490,0,[-0.62323914 -1.53352543  2.0798285  -6.28318531  2.51464777 -6.28318531],193.76073545720388,49.136679963833636,0.7730155777925967,0.015137999999999999,60,True
491,0,[ 4.77114631  4.42895048 -0.32355375 -5.18856541 -3.91063589 -5.49512221],77.49681621674108,0.0006875908335405624,0.006005756667748718,0.0,60,False
492,0,[-4.93493221 -2.75000569  1.39674989 -5.98667091  1.00691153 -3.87237953],0.028665550310469974,0.9569952557137371,0.0002789816149169207,0.0,17,False
493,0,[-1.83466404  3.51978821 -3.00340329 -5.45198983  4.54930341  3.03184253],2.1959532920410836,0.008804780205721301,4.8458260687321934e-06,0.0,20,False
494,0,[-2.67906449 -2.28883891 -0.91418214 -4.85808423  1.70610856  1.11100972],2.496956539070856,0.240531517124458,2.385855789534048e-05,0.0,21,False
495,0,[-0.67888854 -4.96323022 -2.79812201 -3.81033445  5.03815698 -3.67930652],0.23911892880116184,0.6571359066907762,0.00013159938712485465,0.0,13,False
496,0,[ 1.58185804 -4.0973683   0.76629556  1.49049553  4.86027238 -1.79540409],0.7257204806027776,0.24055397926499222,1.8153727913114774e-05,0.0,9,False
497,0,[-3.24480455 -4.41038797  2.29066305 -2.96125042 -0.73017352 -0.95687926],0.960916200012173,0.3896506163416237,4.7172692565476385e-05,0.0,12,False
498,0,[ 2.70812454 -0.9626338  -2.28975576  4.07846171 -2.39999105 -2.76562853],4.616890837036662,0.49278617158169674,9.52884302317452e-05,0.0,50,False
499,0,[ 1.89183888  2.03711107  1.44867433  3.8426133  -2.261473    0.53422419],0.03305588341057235,0.03923029812158791,4.699038629134376e-07,0.0,10,False
