target_id,pos_error_m,rot_error_rad,num_iterations,converged
0,4.728711508039e-03,2.331301857432e-03,17.000000,1
1,4.503297904488e-03,9.241589099910e-04,14.000000,1
2,2.149340894311e-03,7.480436147010e-04,17.000000,1
3,4.038556461045e-03,1.321278382873e-03,16.000000,1
4,5.671746569054e-03,3.261449941194e-03,14.000000,1
5,4.422919919572e-03,7.352257752999e-03,21.000000,1
6,9.033821907286e-03,1.869278381399e-03,15.000000,1
7,1.409251250552e-03,3.926874804723e-04,16.000000,1
8,3.416040378197e-03,4.599536028025e-04,16.000000,1
9,5.555851349083e-04,1.284744868036e-03,18.000000,1
10,2.444746630690e-03,1.359413830774e-03,17.000000,1
11,4.331903092706e-03,2.130062726284e-03,14.000000,1
12,9.676453307795e-03,7.905777597938e-03,13.000000,1
13,1.912007091469e-03,2.529617268945e-03,19.000000,1
14,4.091029061574e-03,1.698716619557e-03,19.000000,1
15,7.990651876202e-04,5.821958971563e-04,16.000000,1
16,1.374779698238e-03,0.000000000000e+00,18.000000,1
17,7.984251598818e-04,0.000000000000e+00,19.000000,1
18,6.423072934625e-04,0.000000000000e+00,24.000000,1
19,4.166986212081e-03,5.341541518378e-03,17.000000,1
20,1.628009002139e-04,1.463325857045e-03,21.000000,1
21,5.655109618989e-03,1.732026246251e-03,19.000000,1
22,4.802334684422e-03,3.216787610166e-03,14.000000,1
23,8.512326489515e-03,5.448646551255e-03,15.000000,1
24,8.389761811703e-04,4.241319853768e-04,23.000000,1
25,8.031893377701e-03,1.486995216881e-02,18.000000,1
26,9.182999964534e-03,6.801097280889e-03,15.000000,1
27,7.793068321209e-03,1.333062183939e-03,14.000000,1
28,3.202471749499e-03,1.180810345683e-03,16.000000,1
29,6.782643720270e-03,8.852343230592e-03,17.000000,1
30,5.803321976633e-03,6.178778677091e-03,18.000000,1
31,2.194765420877e-03,1.363250821517e-03,16.000000,1
32,6.006976772869e-04,5.478380648976e-04,22.000000,1
33,1.557481909955e-03,5.876952492443e-04,18.000000,1
34,5.936422559566e-04,9.038792907321e-04,20.000000,1
35,3.937670327782e-03,1.752652354255e-03,16.000000,1
36,7.247150623998e-03,6.528491477804e-03,17.000000,1
37,1.741988561056e-03,5.009343550511e-04,16.000000,1
38,1.069858626546e-03,1.291924906451e-03,17.000000,1
39,9.885085759486e-03,7.031125612041e-04,22.000000,1
40,1.320802759126e-04,4.663148598674e-04,18.000000,1
41,5.230551526693e-03,1.431214275323e-03,23.000000,1
42,4.773623931743e-03,8.979976633534e-04,16.000000,1
43,9.658508005836e-03,7.185918153467e-03,18.000000,1
44,4.752718796264e-03,1.743972377217e-03,16.000000,1
45,5.059488155695e-03,2.656980090794e-03,20.000000,1
46,5.107723761133e-04,3.032228343496e-04,19.000000,1
47,7.546249978488e-04,9.723811720991e-04,17.000000,1
48,2.959121950075e-03,1.224362937181e-02,21.000000,1
49,1.509389250725e-03,6.564581536844e-03,15.000000,1
50,3.550626695950e-04,4.749646812477e-04,21.000000,1
51,6.553601475441e-03,9.997303361565e-04,22.000000,1
52,7.352032222872e-03,3.667779534319e-03,14.000000,1
53,1.619780067720e-03,3.902014430287e-04,30.000000,1
54,1.265769210833e-03,4.888953692312e-04,18.000000,1
55,9.955901928577e-03,7.128805112758e-03,14.000000,1
56,1.653786630508e-03,2.178202815743e-03,14.000000,1
57,9.953126566554e-03,3.143239177055e-03,15.000000,1
58,1.367628231797e-03,1.088398105934e-03,18.000000,1
59,5.003622143781e-04,1.420379698591e-03,25.000000,1
60,9.072664822757e-03,5.424811443682e-03,17.000000,1
61,2.686426118860e-03,7.922549299866e-04,19.000000,1
62,4.183560526914e-03,8.268668973720e-03,16.000000,1
63,6.363270258606e-03,2.157929229124e-03,24.000000,1
64,6.261249754796e-04,0.000000000000e+00,17.000000,1
65,3.130393375427e-03,0.000000000000e+00,23.000000,1
66,7.681831221291e-03,4.262957284105e-03,16.000000,1
67,5.087689413509e-03,5.038971327284e-03,20.000000,1
68,8.663065985694e-04,1.209673111250e-03,16.000000,1
69,3.095902182800e-03,5.295808580750e-03,20.000000,1
70,2.619150961747e-03,1.261432116430e-03,20.000000,1
71,8.292622595584e-03,4.256616681013e-03,16.000000,1
72,6.347653299389e-03,1.469425629615e-02,23.000000,1
73,7.257217604318e-04,9.906094328117e-04,18.000000,1
74,4.762713839155e-03,9.319980122438e-03,13.000000,1
75,1.600754312841e-03,2.088480674656e-03,19.000000,1
76,1.625069409386e-03,1.982917482295e-03,18.000000,1
77,5.972624558502e-03,1.491450341339e-03,20.000000,1
78,1.117691525110e-03,3.485648207054e-04,16.000000,1
79,7.834319371598e-03,7.081242405851e-03,17.000000,1
80,3.278196942047e-04,3.516332907750e-04,17.000000,1
81,7.825542054085e-03,8.317951937207e-03,15.000000,1
82,8.753293711389e-03,4.049930326971e-03,14.000000,1
83,1.140344143148e-03,6.435198821852e-04,22.000000,1
84,9.863326838992e-04,2.058898336627e-04,16.000000,1
85,4.077078201607e-04,1.115010356127e-03,16.000000,1
86,4.686703569997e-03,1.602981642434e-03,13.000000,1
87,4.386356585417e-03,1.565628010103e-02,16.000000,1
88,9.017479254300e-03,7.083412939825e-03,18.000000,1
89,6.564899206298e-03,2.470723879027e-03,14.000000,1
90,9.471634827920e-04,1.196983696949e-03,15.000000,1
91,5.157066176958e-03,4.055022233430e-03,17.000000,1
92,2.573205514000e-03,2.608933175381e-03,16.000000,1
93,1.224877195490e-03,2.067575488404e-03,16.000000,1
94,1.813750117784e-03,2.303310009371e-03,23.000000,1
95,1.721848122758e-03,1.671204683646e-03,21.000000,1
96,1.269321478705e-03,4.713569778778e-04,17.000000,1
97,3.980842600310e-03,4.674346426378e-03,15.000000,1
98,2.202595222886e-03,9.602661759066e-04,19.000000,1
99,9.189154134062e-03,2.155624279942e-03,18.000000,1
100,4.827554428582e-03,7.128724595778e-03,15.000000,1
101,6.722177758811e-03,1.295526841213e-03,14.000000,1
102,7.307199672336e-03,5.217774162369e-03,18.000000,1
103,4.442183485186e-03,2.982704035203e-03,18.000000,1
104,5.341041149769e-04,1.455230085941e-03,28.000000,1
105,9.690923398606e-03,2.821958221523e-03,20.000000,1
106,2.927492596141e-04,3.929185492419e-04,22.000000,1
107,9.349588252512e-03,4.352990780180e-03,18.000000,1
108,8.389596259180e-03,7.814307360966e-03,18.000000,1
109,1.035877119995e-03,7.969716741420e-04,18.000000,1
110,7.695494768432e-04,2.570518635431e-03,20.000000,1
111,9.081322439843e-04,3.163825604589e-04,20.000000,1
112,3.578322550313e-03,1.142989755347e-02,25.000000,1
113,9.212410284656e-04,4.353839386346e-04,17.000000,1
114,1.103909232199e-03,4.171093497541e-04,13.000000,1
115,6.598744148602e-03,3.682049970178e-03,21.000000,1
116,7.243991102832e-03,2.659921500373e-03,21.000000,1
117,6.149867082230e-03,8.301816548191e-03,20.000000,1
118,2.622205035425e-03,8.120072655874e-03,28.000000,1
119,1.510575815510e-03,6.247843522889e-04,20.000000,1
120,1.363155550464e-03,8.197954259174e-04,17.000000,1
121,1.190664851364e-03,4.302683005161e-04,29.000000,1
122,1.353601303223e-03,6.511529304865e-04,22.000000,1
123,1.234298588684e-03,4.703673578972e-04,21.000000,1
124,2.899303103459e-03,1.799900366581e-03,19.000000,1
125,1.772188689392e-03,5.824600005086e-04,20.000000,1
126,1.324228845979e-03,1.581428287742e-03,17.000000,1
127,8.210732727775e-04,3.482747539212e-03,17.000000,1
128,8.568554537685e-03,1.412769467603e-02,17.000000,1
129,7.912227426214e-03,1.106721111247e-02,20.000000,1
130,2.099368503429e-03,6.961997794218e-04,29.000000,1
131,7.285244461189e-03,7.232456004785e-03,16.000000,1
132,8.479843143045e-03,1.128327108492e-02,17.000000,1
133,3.780706368009e-04,1.708619977931e-03,21.000000,1
134,9.950055374772e-04,4.491392920460e-04,21.000000,1
135,6.067318813631e-03,4.053573576587e-03,13.000000,1
136,4.802431975312e-03,5.303348216249e-03,15.000000,1
137,6.922322601413e-03,8.498093652097e-04,32.000000,1
138,8.159672792166e-03,1.731054389055e-02,16.000000,1
139,3.049509088574e-03,3.182289511486e-03,19.000000,1
140,4.541256882653e-04,4.640238002803e-04,29.000000,1
141,3.374734380013e-03,7.336859266312e-03,21.000000,1
142,1.972275468018e-03,1.840566310786e-03,24.000000,1
143,4.315200059721e-03,6.580346137677e-03,21.000000,1
144,9.423505526929e-04,8.340518156138e-04,26.000000,1
145,9.798760269081e-03,7.639682290751e-03,19.000000,1
146,2.979436138420e-03,8.225218225047e-03,14.000000,1
147,3.973900596122e-03,1.450322516840e-03,20.000000,1
148,6.659515764595e-04,7.200584255928e-04,15.000000,1
149,4.960864293473e-03,4.489284672463e-03,15.000000,1
150,1.159224129119e-03,5.305058096879e-04,22.000000,1
151,3.960835817449e-04,4.275960670357e-04,22.000000,1
152,8.531847037680e-04,5.468385981985e-04,20.000000,1
153,6.663025891140e-03,3.890460512422e-03,20.000000,1
154,1.862103119916e-03,2.173800821656e-03,17.000000,1
155,1.497343818386e-03,1.734889789785e-03,16.000000,1
156,1.120170947762e-03,9.101117098919e-04,19.000000,1
157,7.566747221902e-03,8.519911978611e-03,20.000000,1
158,1.011250150895e-03,1.424695386297e-04,23.000000,1
159,2.045104253221e-03,6.842719095326e-04,30.000000,1
160,4.313808254155e-03,3.607583333030e-03,16.000000,1
161,7.279120111501e-03,1.416487789327e-02,22.000000,1
162,3.751794604784e-04,3.561694388602e-04,16.000000,1
163,1.213168452989e-03,4.627398197911e-04,29.000000,1
164,6.134735008654e-04,4.486570773595e-04,18.000000,1
165,3.932674377948e-03,1.873738356264e-03,17.000000,1
166,4.856736773145e-03,1.312274921650e-03,18.000000,1
167,7.062616964287e-03,3.355609394972e-03,16.000000,1
168,4.453439132981e-03,1.658552639180e-03,17.000000,1
169,8.377480648417e-03,3.086743856461e-02,16.000000,1
170,2.853643590809e-04,1.301603537532e-03,19.000000,1
171,1.404869057579e-03,4.433403100878e-04,22.000000,1
172,1.965717835356e-03,1.114108354353e-04,14.000000,1
173,6.167680199059e-03,3.794601965899e-03,17.000000,1
174,7.965828304994e-04,2.353372949035e-04,15.000000,1
175,9.659654402059e-04,9.830498494622e-04,20.000000,1
176,5.890567672169e-03,7.650933615295e-03,21.000000,1
177,4.437947563063e-04,0.000000000000e+00,24.000000,1
178,5.207429298636e-03,1.574695255815e-03,16.000000,1
179,7.537597922627e-03,1.506369324585e-03,16.000000,1
180,6.647225900730e-03,1.392299394918e-02,15.000000,1
181,4.927461643071e-03,4.073257882065e-03,16.000000,1
182,8.242161026006e-03,1.330233133895e-02,14.000000,1
183,8.494592749465e-04,9.252687623812e-04,19.000000,1
184,7.457192521374e-04,6.193547565426e-04,20.000000,1
185,4.916674459044e-03,1.469579147129e-02,14.000000,1
186,9.947994858511e-03,1.707873574264e-02,14.000000,1
187,6.188278595532e-03,1.524082297999e-03,19.000000,1
188,3.051021373595e-03,2.120429742515e-03,17.000000,1
189,1.086707792304e-03,1.893061912413e-03,17.000000,1
190,9.313549693196e-03,2.567764406543e-03,16.000000,1
191,6.720271020939e-03,2.284256141120e-03,16.000000,1
192,1.448753139311e-03,1.241150677807e-03,17.000000,1
193,9.391618305797e-03,1.564019313755e-03,13.000000,1
194,8.639806396894e-03,6.589376687972e-03,16.000000,1
195,9.216034403957e-03,1.939506816706e-03,18.000000,1
196,5.900773810669e-03,8.680442084708e-03,20.000000,1
197,2.240999017929e-03,4.720485559410e-04,25.000000,1
198,2.165179954435e-03,4.111552501699e-03,17.000000,1
199,6.288303473363e-03,1.741778479050e-02,27.000000,1
200,2.385337805532e-03,3.258764416551e-03,22.000000,1
201,4.985674615582e-03,2.752373956198e-03,20.000000,1
202,8.075932660709e-04,0.000000000000e+00,17.000000,1
203,9.545182211201e-03,1.007468757615e-02,13.000000,1
204,9.455301007693e-04,7.190651971486e-04,17.000000,1
205,4.949170256812e-03,1.186490533100e-03,18.000000,1
206,7.112879456212e-04,2.205517203102e-04,15.000000,1
207,3.489322228674e-03,2.979859213130e-04,15.000000,1
208,2.840520282228e-03,1.720340564096e-03,16.000000,1
209,5.553051184283e-03,3.626136384576e-03,27.000000,1
210,4.335261265229e-03,6.377766283181e-03,18.000000,1
211,5.229335026783e-03,9.284352829837e-03,23.000000,1
212,2.937504896623e-03,9.532974509423e-04,20.000000,1
213,7.170627092144e-03,1.871933696552e-03,18.000000,1
214,1.300539448778e-03,3.242435947291e-04,17.000000,1
215,6.034818852891e-03,4.673417324317e-03,16.000000,1
216,1.456799857686e-03,3.985905938047e-04,13.000000,1
217,5.705070919170e-03,2.456221181365e-03,22.000000,1
218,5.194156109560e-03,7.102220829727e-03,21.000000,1
219,6.181950783296e-03,7.413376245141e-04,22.000000,1
220,8.211295205130e-03,7.837800999353e-03,19.000000,1
221,1.324787172950e-03,3.506785795891e-04,14.000000,1
222,9.995270666064e-03,1.137863742239e-03,20.000000,1
223,8.882967364694e-04,1.590216263720e-03,17.000000,1
224,9.669376442183e-03,1.268729609703e-02,13.000000,1
225,4.463784490435e-03,1.086271391096e-02,14.000000,1
226,6.627573267213e-04,1.367699936475e-03,19.000000,1
227,3.955755028274e-03,2.397788685066e-03,15.000000,1
228,4.419695999652e-03,9.078904336717e-04,18.000000,1
229,9.364680947906e-03,6.383620255169e-04,21.000000,1
230,6.066576703615e-03,1.251921585259e-03,19.000000,1
231,5.057657782760e-03,2.199290621864e-03,14.000000,1
232,6.358242939988e-04,0.000000000000e+00,16.000000,1
233,8.615094020327e-03,3.313153922967e-03,27.000000,1
234,5.258776667147e-03,1.200827999647e-03,15.000000,1
235,6.669252459570e-03,2.461981434078e-03,13.000000,1
236,5.373984394343e-04,1.050471712163e-03,18.000000,1
237,5.240167635922e-04,3.553503239114e-04,43.000000,1
238,4.831379118032e-03,2.010190191625e-03,17.000000,1
239,4.101107870891e-03,4.110030982531e-03,20.000000,1
240,7.226907916298e-04,3.139348361531e-04,26.000000,1
241,6.059678933991e-03,2.177950296495e-03,13.000000,1
242,7.200877892333e-03,1.600674600939e-03,16.000000,1
243,1.950523757716e-03,2.940895499051e-03,17.000000,1
244,5.364308696057e-04,7.363811932949e-04,21.000000,1
245,4.428926550939e-03,1.027635005103e-03,17.000000,1
246,3.982045610828e-03,4.437722369426e-04,17.000000,1
247,3.244994748321e-03,9.945539849387e-04,14.000000,1
248,8.009369579894e-03,7.195961234489e-03,16.000000,1
249,3.456506345467e-03,1.972230646428e-03,13.000000,1
250,7.812215701838e-03,7.837990529678e-03,15.000000,1
251,5.868777134956e-03,6.816226389356e-03,17.000000,1
252,4.518519957390e-03,8.586453669943e-03,15.000000,1
253,9.858025601657e-04,9.081932631650e-04,18.000000,1
254,7.395426382136e-04,1.134538674786e-03,17.000000,1
255,3.351509139262e-03,1.580100707068e-03,13.000000,1
256,7.476790626018e-03,6.917795445505e-03,18.000000,1
257,2.517540015081e-03,1.092874677396e-03,14.000000,1
258,2.931154358744e-03,1.733604204796e-03,15.000000,1
259,6.226039559881e-04,8.718943158749e-04,15.000000,1
260,1.648248359264e-03,8.299130990625e-04,15.000000,1
261,5.916035219979e-03,1.319913696546e-03,13.000000,1
262,4.679919706974e-03,7.151883012214e-03,13.000000,1
263,1.243375873111e-03,6.873273630103e-04,18.000000,1
264,9.187880593222e-03,3.918154924710e-03,17.000000,1
265,6.895623978596e-03,9.032568833966e-03,13.000000,1
266,3.435722665878e-03,1.366005199706e-03,15.000000,1
267,7.466727321105e-03,2.973993781588e-03,19.000000,1
268,5.514689187131e-03,1.253914899151e-03,14.000000,1
269,1.023605662315e-03,5.176732008297e-04,15.000000,1
270,9.092985059944e-03,1.717219798298e-03,18.000000,1
271,4.401335616445e-03,5.882055160090e-03,17.000000,1
272,5.488870233636e-03,1.931040803130e-03,16.000000,1
273,4.599040395973e-03,5.286643057380e-03,24.000000,1
274,8.878444827529e-03,1.552061054694e-03,18.000000,1
275,7.295998555052e-04,8.254843857584e-04,16.000000,1
276,4.158140986101e-03,1.967149829543e-03,14.000000,1
277,7.843137608532e-03,8.099529903469e-03,16.000000,1
278,5.406424504139e-03,9.312048749700e-04,16.000000,1
279,1.516665697270e-03,2.338433510482e-04,18.000000,1
280,6.508444152298e-03,7.312023983657e-03,17.000000,1
281,2.845089859441e-03,9.793283802830e-04,15.000000,1
282,1.903984936116e-03,2.664825421637e-04,15.000000,1
283,8.914820346938e-03,3.971265067844e-03,13.000000,1
284,1.706927795288e-03,4.006513912649e-04,15.000000,1
285,3.439533286711e-03,9.139675890785e-03,16.000000,1
286,5.981218202032e-03,1.045586180547e-03,15.000000,1
287,5.517467686108e-03,9.196628326618e-03,14.000000,1
288,2.438418810109e-03,1.106892834283e-03,15.000000,1
289,7.247864677552e-04,1.098730382897e-03,15.000000,1
290,1.653135417016e-03,1.128919068129e-03,16.000000,1
291,7.379350556083e-03,2.534571879835e-03,15.000000,1
292,2.998678272961e-03,2.018999522787e-03,12.000000,1
293,1.804927906693e-03,1.035119278496e-03,16.000000,1
294,6.145040069397e-03,1.891560080612e-03,13.000000,1
295,3.970172157366e-03,1.557309701766e-03,15.000000,1
296,5.168765155944e-03,4.544497132013e-03,15.000000,1
297,1.538179554372e-03,3.782781957616e-03,15.000000,1
298,5.681091584142e-03,9.831142407623e-03,31.000000,1
299,6.453357080107e-03,1.680204160436e-03,16.000000,1
300,7.513333819229e-03,1.781279625759e-03,16.000000,1
301,3.075448309043e-03,9.686167827794e-04,14.000000,1
302,8.342309399918e-03,5.832672192966e-03,20.000000,1
303,1.662963748011e-04,4.476238510492e-04,22.000000,1
304,4.602142041408e-03,2.001169254041e-03,22.000000,1
305,5.346660737461e-03,1.508525871498e-03,15.000000,1
306,3.979747752338e-03,4.336631053956e-03,17.000000,1
307,4.989946652488e-03,9.486740368184e-04,17.000000,1
308,3.387669575089e-03,8.800339782656e-03,18.000000,1
309,8.900843029486e-03,1.950360705736e-03,17.000000,1
310,1.293226856177e-03,1.129148572428e-03,14.000000,1
311,4.094698782531e-04,1.003484844506e-03,17.000000,1
312,9.507991928531e-04,7.904624087487e-04,18.000000,1
313,5.567560163831e-03,1.597362125884e-03,15.000000,1
314,7.335599586872e-03,1.273801377232e-03,16.000000,1
315,7.062911112732e-03,2.066615796046e-03,16.000000,1
316,6.263377614289e-03,4.326626515055e-03,20.000000,1
317,7.193918968932e-04,1.850536101192e-04,14.000000,1
318,2.985256008691e-03,9.858820973116e-04,14.000000,1
319,8.494773155338e-03,5.782700073747e-03,15.000000,1
320,1.823601939549e-04,1.031674346629e-03,16.000000,1
321,9.508456495936e-04,0.000000000000e+00,17.000000,1
322,8.295531869552e-03,2.299605775952e-03,15.000000,1
323,6.823527504523e-03,2.342255030473e-03,22.000000,1
324,2.181281315167e-03,4.835867647058e-04,15.000000,1
325,5.124785083987e-03,6.627228791014e-03,16.000000,1
326,3.382589379793e-03,0.000000000000e+00,16.000000,1
327,8.113783542581e-04,3.144810662012e-04,18.000000,1
328,2.543870571369e-03,1.222920303928e-02,15.000000,1
329,6.615401916060e-03,3.181994428898e-03,16.000000,1
330,1.571348305492e-03,7.198171461670e-04,17.000000,1
331,4.246716100934e-03,9.468480934236e-03,15.000000,1
332,7.078793242145e-04,8.439687842981e-04,18.000000,1
333,1.568339504690e-03,5.643161633318e-04,15.000000,1
334,3.395673787988e-04,2.142476430603e-04,24.000000,1
335,4.543771976469e-04,8.673583118558e-04,35.000000,1
336,7.508330437374e-03,6.767396010517e-03,14.000000,1
337,3.995501053198e-03,4.052095090971e-03,14.000000,1
338,7.371869039577e-03,4.875210519099e-03,14.000000,1
339,9.303113296682e-04,5.341771042646e-04,16.000000,1
340,6.835028407652e-04,0.000000000000e+00,19.000000,1
341,1.530503715703e-03,1.777372788010e-03,15.000000,1
342,4.170654688382e-04,4.080271576634e-04,16.000000,1
343,1.045814640663e-03,5.673356450749e-04,16.000000,1
344,1.180744204000e-03,1.378837463717e-03,16.000000,1
345,5.898781770858e-04,2.812254082045e-04,17.000000,1
346,4.491054829108e-04,5.556230304359e-04,18.000000,1
347,1.907080230045e-03,1.837330044307e-03,23.000000,1
348,1.481225770648e-03,8.516634895190e-04,16.000000,1
349,6.400981682145e-04,3.299337974980e-04,23.000000,1
350,3.057425621159e-03,2.297671139113e-02,21.000000,1
351,3.510907982961e-03,1.277426899781e-03,28.000000,1
352,1.360424632319e-03,3.224253786346e-04,17.000000,1
353,8.419176045801e-03,6.156883688619e-03,14.000000,1
354,5.128048063607e-04,6.466062794058e-04,19.000000,1
355,4.919400713404e-04,1.167965696299e-03,21.000000,1
356,1.135235184259e-03,1.047362093165e-03,15.000000,1
357,6.392089095721e-03,1.494223319319e-02,14.000000,1
358,8.007859502672e-04,1.054097385834e-03,20.000000,1
359,9.662622485148e-04,6.309460539179e-04,14.000000,1
360,9.131325312099e-03,5.161786066252e-03,13.000000,1
361,6.302419856518e-04,1.530048166313e-03,19.000000,1
362,1.098897674341e-03,1.913610272974e-03,14.000000,1
363,9.945895710911e-03,2.097727938618e-03,21.000000,1
364,3.083897275390e-04,4.050744113372e-05,18.000000,1
365,9.082350968689e-03,1.621246260845e-02,22.000000,1
366,4.624181546082e-03,5.449107780692e-03,18.000000,1
367,8.467370368823e-03,1.203100197044e-02,13.000000,1
368,6.155732910827e-03,1.152170976512e-02,19.000000,1
369,1.730648482831e-03,5.235565895196e-04,17.000000,1
370,3.432537852844e-03,1.107348535349e-02,29.000000,1
371,4.984159081363e-03,5.146943824974e-03,17.000000,1
372,1.919159260851e-03,1.928219973928e-03,14.000000,1
373,7.693095673075e-04,7.426425105636e-04,20.000000,1
374,8.036875646834e-03,1.043321653696e-02,16.000000,1
375,7.571701442099e-04,7.233465462546e-04,14.000000,1
376,2.597874443678e-03,1.685767957308e-02,20.000000,1
377,2.816946414365e-03,1.841988252112e-03,15.000000,1
378,8.893289152070e-04,1.778786503783e-03,18.000000,1
379,6.027254594851e-03,8.566244841600e-03,15.000000,1
380,1.970554381752e-03,6.574109666974e-04,14.000000,1
381,8.113964716549e-03,1.420423274938e-02,15.000000,1
382,2.776246271855e-03,4.247133554302e-04,23.000000,1
383,8.514039653747e-03,5.114821257900e-03,21.000000,1
384,5.523756444138e-03,9.358980789180e-04,22.000000,1
385,6.935999872489e-03,5.056939068910e-03,16.000000,1
386,1.686856155892e-03,1.365234994066e-03,17.000000,1
387,6.627341241111e-03,5.820269812310e-03,23.000000,1
388,4.056940437775e-03,1.944242336032e-03,15.000000,1
389,6.614564390864e-03,8.634581595066e-03,20.000000,1
390,8.568877824349e-04,0.000000000000e+00,19.000000,1
391,2.406884866634e-03,9.986711929140e-04,15.000000,1
392,8.537611510177e-04,4.039447002966e-04,15.000000,1
393,2.364091353521e-03,9.067224649212e-04,17.000000,1
394,4.906190267608e-04,5.658575872032e-04,27.000000,1
395,4.508316068016e-03,2.280239363557e-03,21.000000,1
396,2.267446028535e-03,3.043054207311e-03,15.000000,1
397,2.803152754932e-03,9.841824145459e-04,17.000000,1
398,9.852536171178e-03,3.458568296571e-03,13.000000,1
399,1.051678699881e-03,1.390914100572e-03,16.000000,1
400,4.792129638803e-03,4.897764199077e-03,14.000000,1
401,3.391643225632e-03,7.082380351719e-03,16.000000,1
402,1.248718629588e-03,4.378790087455e-04,20.000000,1
403,5.468914892100e-04,1.582102345324e-03,17.000000,1
404,9.829501351144e-04,9.664667499907e-04,18.000000,1
405,7.511173978999e-03,9.128695318285e-03,16.000000,1
406,6.296665252199e-03,5.952935169906e-03,14.000000,1
407,2.229347703488e-03,3.942137239342e-03,15.000000,1
408,7.411022844797e-03,6.935195443646e-03,14.000000,1
409,2.176189553896e-03,1.069607756228e-03,17.000000,1
410,6.234005254836e-03,9.037252949345e-03,28.000000,1
411,2.224434723918e-03,2.605016378986e-03,26.000000,1
412,1.175280005935e-03,9.601992008101e-04,16.000000,1
413,9.305812994626e-04,5.570312833607e-04,17.000000,1
414,5.363555765060e-03,8.211682172794e-03,21.000000,1
415,5.609064273244e-03,1.242765289325e-02,19.000000,1
416,2.452921694299e-03,4.213821734885e-03,15.000000,1
417,6.680703959775e-03,3.278259429139e-03,16.000000,1
418,8.995784233276e-04,4.170970748435e-04,17.000000,1
419,1.036500190578e-03,2.410985212819e-04,18.000000,1
420,6.054172820410e-04,1.148370122480e-03,16.000000,1
421,1.709994734393e-03,5.563087766157e-04,14.000000,1
422,7.355976823675e-03,8.457822514554e-03,15.000000,1
423,3.369269724488e-03,9.319970148009e-03,13.000000,1
424,9.775819739033e-04,1.166414826998e-03,17.000000,1
425,7.282696793330e-03,8.867973641400e-04,24.000000,1
426,2.872896592876e-04,2.122070911387e-04,28.000000,1
427,6.375743728126e-03,1.755501534696e-03,29.000000,1
428,6.720295866260e-03,2.433912311162e-03,15.000000,1
429,6.068755156829e-03,3.716968747085e-03,13.000000,1
430,6.227066654825e-03,4.063803494510e-03,14.000000,1
431,4.856961174591e-04,1.142667746778e-03,16.000000,1
432,9.631529067156e-03,3.183758907346e-03,24.000000,1
433,3.298470999546e-03,1.990442665781e-03,18.000000,1
434,6.777112616301e-03,7.071171455466e-03,17.000000,1
435,4.912097928477e-03,4.961943232225e-04,14.000000,1
436,1.341550803431e-03,5.963165564237e-04,15.000000,1
437,8.795223069337e-03,1.274632855196e-03,19.000000,1
438,9.942680738402e-04,0.000000000000e+00,24.000000,1
439,6.967252964332e-03,4.136005889284e-03,19.000000,1
440,5.344296374379e-03,7.100408525777e-03,14.000000,1
441,3.087839167024e-03,8.402440441727e-04,19.000000,1
442,1.115219247916e-03,1.410397576676e-04,18.000000,1
443,7.575574757725e-03,2.235430241054e-03,27.000000,1
444,3.785675559799e-03,7.198622195428e-04,14.000000,1
445,1.874367828008e-03,2.810020651509e-03,14.000000,1
446,4.563824719574e-03,4.089147312377e-03,16.000000,1
447,9.364262590482e-04,1.052196265112e-03,16.000000,1
448,4.784393977576e-04,0.000000000000e+00,32.000000,1
449,3.227634513438e-03,2.046380186313e-03,20.000000,1
450,8.823495175057e-04,6.518585026886e-04,22.000000,1
451,9.811492785559e-04,0.000000000000e+00,22.000000,1
452,2.669271594855e-03,1.784443845039e-03,14.000000,1
453,2.775268408760e-03,2.174574837509e-03,21.000000,1
454,1.559112743171e-03,4.827906476887e-04,15.000000,1
455,6.668726369597e-03,5.395531220566e-03,16.000000,1
456,8.370642913411e-03,7.459276352640e-03,17.000000,1
457,2.517728899639e-03,1.128386736602e-03,18.000000,1
458,5.948132565512e-03,8.316753988862e-04,23.000000,1
459,1.940765812683e-03,1.034306842268e-03,23.000000,1
460,5.683721282053e-03,8.191555941864e-03,13.000000,1
461,7.776933073248e-03,3.360203743284e-03,14.000000,1
462,6.467960464174e-03,3.100553357161e-03,13.000000,1
463,3.500644010332e-03,8.024160334262e-04,21.000000,1
464,5.493090502076e-04,6.219973750735e-04,26.000000,1
465,7.677537689398e-03,8.572324354300e-03,19.000000,1
466,2.526464109703e-03,7.699078080614e-03,15.000000,1
467,3.962842063688e-03,8.619645716758e-03,16.000000,1
468,5.800278003429e-04,0.000000000000e+00,21.000000,1
469,8.794133656498e-03,1.295240085649e-02,14.000000,1
470,1.277884504675e-03,0.000000000000e+00,15.000000,1
471,7.419721001808e-03,1.797926711429e-03,15.000000,1
472,4.135575365482e-03,3.464856387742e-03,17.000000,1
473,8.952732249043e-03,9.268951320907e-03,15.000000,1
474,2.154307186770e-03,6.472271096163e-04,14.000000,1
475,9.622402828916e-03,8.101194492343e-03,19.000000,1
476,6.122545448173e-04,9.495461655752e-05,16.000000,1
477,5.803612717855e-03,7.945075258202e-03,14.000000,1
478,5.359583203617e-03,3.658049004905e-03,17.000000,1
479,4.986841201495e-04,5.060324289737e-04,17.000000,1
480,2.559226108842e-03,3.910382244290e-03,18.000000,1
481,5.883026088809e-03,2.889058000035e-03,19.000000,1
482,2.311949577770e-03,6.252855099464e-03,15.000000,1
483,5.243658995842e-04,9.316580886672e-05,23.000000,1
484,3.379467177118e-03,1.284550992906e-03,15.000000,1
485,4.629994801852e-03,2.351326117449e-03,15.000000,1
486,4.306971921447e-03,6.592836188309e-04,14.000000,1
487,9.188388712647e-04,4.318608893231e-04,17.000000,1
488,2.610689692881e-03,1.502153763425e-03,18.000000,1
489,4.718240207465e-03,2.919605098773e-03,15.000000,1
490,8.930164919637e-03,6.512117949151e-03,14.000000,1
491,5.735315567806e-03,1.730222038230e-03,16.000000,1
492,7.322801618353e-03,1.120056607435e-02,14.000000,1
493,1.536660698899e-03,2.377130018398e-03,14.000000,1
494,5.282805484247e-03,1.034654749393e-02,21.000000,1
495,7.584217626808e-04,7.189263137473e-04,16.000000,1
496,3.625301600918e-03,2.091953201137e-03,14.000000,1
497,5.018163497844e-04,7.798044037254e-05,17.000000,1
498,2.300299344880e-03,4.867918676034e-03,20.000000,1
499,8.552724505614e-04,5.686822427691e-04,20.000000,1
500,1.003590777967e-03,1.058967696343e-03,16.000000,1
501,9.160902151720e-03,6.494228131276e-04,13.000000,1
502,2.905542493158e-04,1.619066538153e-04,19.000000,1
503,1.117742306739e-03,3.248314519935e-03,16.000000,1
504,8.539108579804e-04,0.000000000000e+00,16.000000,1
505,7.870442825734e-03,2.613265102662e-03,18.000000,1
506,3.382536572661e-03,1.706430734359e-03,13.000000,1
507,3.478346141029e-03,2.828027765464e-03,12.000000,1
508,2.640040245323e-03,2.694112254412e-03,18.000000,1
509,7.972105891890e-04,3.614791511621e-04,15.000000,1
510,7.473875999593e-03,4.305789815665e-03,12.000000,1
511,1.611704007333e-03,2.325463347626e-03,15.000000,1
512,3.911966551954e-04,4.005806064251e-04,21.000000,1
513,6.550290770325e-03,9.148523245444e-03,17.000000,1
514,5.166601457065e-03,2.207610944591e-03,19.000000,1
515,3.983040108399e-03,3.856820145509e-03,17.000000,1
516,5.578208380703e-04,1.080056085340e-04,15.000000,1
517,9.951039413800e-03,3.953181943177e-03,13.000000,1
518,6.901737168511e-03,3.313430849572e-04,16.000000,1
519,9.659349743155e-03,3.841787963932e-03,14.000000,1
520,4.794022110903e-03,6.516183790801e-03,16.000000,1
521,7.754393114632e-03,2.109559042775e-03,13.000000,1
522,5.211916094839e-03,3.045370543117e-03,15.000000,1
523,8.153189028017e-03,0.000000000000e+00,13.000000,1
524,2.344801164361e-03,3.368784037723e-03,14.000000,1
525,3.697029904627e-03,2.919005890619e-03,14.000000,1
526,8.435151866959e-03,2.903969231395e-03,14.000000,1
527,1.778300982062e-03,2.127104183892e-03,14.000000,1
528,1.297226862704e-03,9.599022928626e-04,14.000000,1
529,8.097835098885e-03,6.429418604781e-03,15.000000,1
530,6.844466069001e-03,8.927263212204e-03,15.000000,1
531,2.726652598438e-03,4.364701697473e-03,14.000000,1
532,2.002419900602e-03,2.569937668902e-03,14.000000,1
533,3.547027088328e-04,3.349888460646e-04,13.000000,1
534,2.516717734882e-03,2.369225561495e-03,18.000000,1
535,8.792151566331e-03,5.652789915720e-03,14.000000,1
536,3.291254308643e-04,7.675876365495e-04,14.000000,1
537,3.701192449427e-03,1.376888192780e-03,16.000000,1
538,4.024655212874e-03,5.496823140852e-03,13.000000,1
539,8.247848065218e-03,3.711321833572e-03,14.000000,1
540,2.755963442994e-03,1.230714810291e-03,14.000000,1
541,3.386755209572e-03,1.717365049128e-03,14.000000,1
542,3.853493167585e-03,3.155835755714e-03,15.000000,1
543,3.026424127661e-03,5.291769806729e-03,14.000000,1
544,7.735399359612e-03,2.502015061791e-03,15.000000,1
545,1.253179772760e-03,4.189770528328e-04,13.000000,1
546,7.405095189667e-03,3.535040324399e-03,18.000000,1
547,1.110729517180e-03,5.664118532151e-04,17.000000,1
548,2.872258976883e-04,2.060776206261e-04,14.000000,1
549,7.132215402548e-03,7.904455258245e-03,13.000000,1
550,5.505184790577e-03,1.459711567065e-03,17.000000,1
551,4.358057445349e-03,3.591674671880e-03,15.000000,1
552,7.466054558551e-03,6.154309470340e-03,13.000000,1
553,5.281126944513e-03,1.426953130269e-03,17.000000,1
554,9.540505018121e-03,9.153115029534e-03,16.000000,1
555,2.316329610444e-03,3.580301716981e-03,13.000000,1
556,1.516766363063e-03,3.193583581456e-03,14.000000,1
557,1.833709836649e-03,2.017612769773e-03,13.000000,1
558,1.040921557091e-03,3.601641086398e-04,15.000000,1
559,1.116797535467e-03,1.473639150059e-03,13.000000,1
560,4.271043881988e-03,2.072177370740e-03,13.000000,1
561,5.423127901471e-03,1.153155045637e-02,13.000000,1
562,7.332728522099e-03,6.535843539397e-03,13.000000,1
563,1.662029584768e-03,2.039902159646e-03,15.000000,1
564,5.523858680730e-03,7.955844234182e-03,18.000000,1
565,1.003902952752e-03,1.178704315786e-03,13.000000,1
566,4.050770940495e-03,3.079590729998e-03,14.000000,1
567,7.012638354678e-03,1.957945656472e-03,12.000000,1
568,2.502060492768e-03,5.710290413311e-03,13.000000,1
569,6.249113596397e-03,4.041112352440e-03,16.000000,1
570,2.279401590197e-03,7.864650769558e-04,15.000000,1
571,3.344913244002e-03,1.801691049103e-03,14.000000,1
572,9.341188924863e-03,9.076756331167e-03,12.000000,1
573,4.690268317758e-03,1.297803038512e-03,13.000000,1
574,3.847309297557e-03,7.623497776199e-04,13.000000,1
575,8.132729078183e-03,4.420470267209e-03,13.000000,1
576,5.485184540548e-03,3.253161068683e-03,14.000000,1
577,9.485165918163e-03,3.230311977300e-03,15.000000,1
578,9.472234486767e-03,1.036844244242e-02,14.000000,1
579,8.305349868934e-03,3.981247462824e-03,14.000000,1
580,4.481525148140e-03,2.386528074660e-03,14.000000,1
581,8.055112959285e-03,1.035049479568e-02,13.000000,1
582,5.396264083996e-03,8.202675959880e-03,14.000000,1
583,1.160967236261e-03,3.775129551907e-04,14.000000,1
584,3.585956469525e-03,1.709885486575e-03,16.000000,1
585,2.606267836488e-03,1.172773132927e-03,15.000000,1
586,8.038575344011e-03,6.312576989472e-03,13.000000,1
587,4.915530686410e-03,2.519540971123e-03,13.000000,1
588,3.773678225464e-03,8.018160836291e-03,13.000000,1
589,4.499960527839e-03,7.096308993195e-03,14.000000,1
590,6.084954986036e-03,3.358615844298e-03,13.000000,1
591,9.373416179061e-03,4.395167488583e-03,15.000000,1
592,1.274735399845e-03,4.616569930682e-04,17.000000,1
593,7.016525448325e-03,1.295228132979e-03,13.000000,1
594,2.103654404989e-03,9.332881944599e-04,13.000000,1
595,2.355650192272e-03,2.034314080204e-03,14.000000,1
596,4.681408921355e-03,2.347955587258e-03,15.000000,1
597,6.336177083873e-03,3.459436740247e-03,18.000000,1
598,1.337251535911e-03,1.143293496704e-03,15.000000,1
599,5.178549787483e-03,4.202052566311e-03,15.000000,1
600,5.040535198327e-04,4.890590564330e-04,14.000000,1
601,8.999484220493e-03,8.109060257780e-03,13.000000,1
602,2.522786032494e-03,4.126868446317e-04,20.000000,1
603,2.413632366854e-03,1.798731245908e-03,14.000000,1
604,8.876890556414e-03,1.272465594275e-02,13.000000,1
605,6.868489376218e-03,2.758389647597e-03,14.000000,1
606,3.800325908494e-03,1.533104119062e-03,15.000000,1
607,1.480354683074e-03,7.011296935021e-03,13.000000,1
608,2.569822494747e-03,1.374282856405e-03,14.000000,1
609,1.255798670574e-03,1.044810924997e-03,20.000000,1
610,9.457867737010e-04,4.045346668740e-04,15.000000,1
611,7.492419197599e-03,7.576982465554e-04,15.000000,1
612,6.148852751042e-03,2.367631723343e-03,17.000000,1
613,4.829025779954e-04,8.902448354784e-04,22.000000,1
614,5.533866146776e-03,1.343982522350e-02,19.000000,1
615,2.807821976252e-04,4.801117577202e-04,18.000000,1
616,3.582838414701e-03,1.436304914041e-03,15.000000,1
617,4.410756923037e-04,5.554881687178e-04,15.000000,1
618,2.176340438555e-03,4.234050181694e-04,17.000000,1
619,9.380041352113e-04,4.669683532238e-04,23.000000,1
620,9.179328016516e-03,1.044370112497e-02,15.000000,1
621,1.685202100192e-03,7.435130192016e-03,16.000000,1
622,8.822246267217e-04,3.187152821257e-04,16.000000,1
623,9.514394514816e-03,1.274370083540e-03,14.000000,1
624,8.149937551432e-04,6.744255589811e-04,19.000000,1
625,1.556811865082e-03,6.553446095425e-04,30.000000,1
626,1.457300883007e-03,9.785315123276e-04,18.000000,1
627,4.213310007386e-04,3.334684052465e-04,29.000000,1
628,9.686792208059e-04,3.240187559397e-04,22.000000,1
629,9.534028529712e-03,1.068345024825e-02,16.000000,1
630,6.033928922594e-04,0.000000000000e+00,24.000000,1
631,5.902933709966e-04,2.787146002705e-03,17.000000,1
632,5.295771642530e-03,1.285708813047e-03,23.000000,1
633,6.273076722805e-03,1.669219314439e-03,18.000000,1
634,5.446956886884e-03,2.884444283462e-03,19.000000,1
635,2.850745979526e-03,4.972676508615e-04,16.000000,1
636,4.706343042255e-03,1.015192308782e-03,20.000000,1
637,8.316402649558e-03,4.588039475065e-03,26.000000,1
638,6.624120026230e-03,4.827097254039e-03,16.000000,1
639,7.859816686384e-03,1.602732749016e-03,41.000000,1
640,7.441057595906e-03,1.070595620954e-02,19.000000,1
641,9.359575194679e-03,0.000000000000e+00,22.000000,1
642,7.504348498629e-03,8.903506524974e-04,16.000000,1
643,2.928554038972e-03,0.000000000000e+00,17.000000,1
644,3.145729881497e-03,4.787117661115e-03,18.000000,1
645,4.475997336279e-03,2.124813382210e-03,16.000000,1
646,1.377232573325e-03,8.163193452977e-04,19.000000,1
647,4.384731959392e-03,2.630012052665e-03,21.000000,1
648,2.357087116829e-03,6.607907220392e-04,17.000000,1
649,9.111496308956e-04,3.167609901899e-04,18.000000,1
650,1.032769971132e-03,5.918151486810e-04,18.000000,1
651,6.477799439200e-03,7.765689204959e-03,13.000000,1
652,7.768969205270e-03,1.530766837334e-03,14.000000,1
653,7.984083203852e-03,1.948084245229e-03,18.000000,1
654,2.200034138476e-03,6.049629164345e-04,13.000000,1
655,6.774700797124e-03,3.598020735468e-03,12.000000,1
656,3.673167155544e-03,5.468512445765e-03,12.000000,1
657,5.058106242244e-04,0.000000000000e+00,13.000000,1
658,7.240406391390e-03,1.193761201518e-02,12.000000,1
659,4.423225912690e-03,5.443180230144e-03,11.000000,1
660,1.881385650492e-03,2.363450833856e-03,12.000000,1
661,8.441493484756e-03,2.624788634439e-03,12.000000,1
662,8.141222555057e-03,3.586371311895e-03,10.000000,1
663,4.739676849821e-03,3.802745462807e-03,11.000000,1
664,8.486877602691e-03,2.234373717629e-03,11.000000,1
665,6.766225629163e-03,1.415218648049e-03,12.000000,1
666,5.527344314755e-03,5.406997430603e-04,11.000000,1
667,1.250493130075e-03,3.936899198493e-04,11.000000,1
668,1.917407234158e-03,3.302739600874e-03,11.000000,1
669,8.499040798287e-03,4.608551488494e-03,11.000000,1
670,2.149650654998e-03,1.469493094677e-03,12.000000,1
671,2.214917558731e-03,9.146886402098e-03,11.000000,1
672,2.411469531960e-03,0.000000000000e+00,12.000000,1
673,6.715121379120e-03,2.270323754281e-03,11.000000,1
674,1.918267863117e-03,1.135498683812e-03,11.000000,1
675,6.157569682444e-03,3.083672848514e-03,11.000000,1
676,1.963002414580e-03,3.456398520911e-03,11.000000,1
677,3.298908790868e-03,3.949115041489e-03,11.000000,1
678,4.445635829995e-03,9.777238927149e-04,11.000000,1
679,6.012005750373e-03,5.455209537981e-03,13.000000,1
680,3.166140358727e-03,1.080220542370e-03,11.000000,1
681,3.777089293692e-03,4.526742327475e-03,12.000000,1
682,2.217335636236e-03,2.286394845607e-03,11.000000,1
683,2.178773893145e-03,1.519298985709e-03,12.000000,1
684,4.293272056385e-03,4.042558960098e-03,11.000000,1
685,2.103760294311e-03,2.630337557407e-03,11.000000,1
686,9.147947966394e-04,1.740036225090e-03,11.000000,1
687,1.408232831017e-03,3.299581933605e-03,11.000000,1
688,5.778943728903e-03,6.099510542447e-03,11.000000,1
689,1.337633528317e-03,1.444790270286e-03,11.000000,1
690,9.754543155051e-03,6.548922474503e-04,12.000000,1
691,4.383072781117e-03,9.903959764223e-04,11.000000,1
692,8.147538020547e-04,1.484636373441e-03,12.000000,1
693,7.875577722628e-03,1.118120837566e-03,12.000000,1
694,4.532852005173e-03,1.274679096502e-03,13.000000,1
695,7.948452071914e-03,1.343831536841e-03,12.000000,1
696,2.134680020694e-03,9.619795956669e-04,13.000000,1
697,2.252432732647e-03,9.750654624135e-04,14.000000,1
698,2.406582894478e-03,6.659120977889e-04,13.000000,1
699,4.929619184266e-03,8.430635708325e-03,11.000000,1
700,8.941922188123e-03,8.665253855589e-03,13.000000,1
701,3.484794448957e-03,1.858971193588e-03,13.000000,1
702,1.103156202774e-03,4.222816222000e-04,17.000000,1
703,7.325697526052e-03,3.047430490504e-03,19.000000,1
704,5.735878082484e-03,8.159015988089e-03,21.000000,1
705,9.393219329336e-03,1.398221450532e-02,18.000000,1
706,2.623226529114e-03,5.879449653459e-04,19.000000,1
707,8.683328479957e-03,7.519656550607e-03,17.000000,1
708,5.224140455049e-03,8.513472728934e-03,18.000000,1
709,5.927925069309e-03,5.438163543144e-03,17.000000,1
710,3.761306749324e-03,4.168447847445e-03,19.000000,1
711,3.212287495225e-03,2.296917027088e-03,15.000000,1
712,9.962144997525e-04,2.232518858690e-04,16.000000,1
713,8.802307656257e-04,4.701672159948e-03,19.000000,1
714,3.970335934603e-03,5.188393707597e-03,19.000000,1
715,5.047182867210e-03,1.135435424770e-03,15.000000,1
716,1.178591746982e-03,4.188920393914e-04,17.000000,1
717,7.101458248102e-03,6.250875692992e-03,14.000000,1
718,7.433232761408e-03,1.736948102358e-02,15.000000,1
719,9.139121399596e-04,1.501816332413e-03,14.000000,1
720,4.943858350481e-03,1.144778640620e-02,18.000000,1
721,4.695395403619e-03,7.853123578387e-03,15.000000,1
722,5.310226039099e-03,3.690902266140e-03,19.000000,1
723,4.729523800688e-03,5.940358549705e-03,16.000000,1
724,8.186542834738e-04,2.267889780255e-04,26.000000,1
725,8.683288271327e-04,5.096193693634e-03,19.000000,1
726,2.241071383468e-03,4.245761336653e-04,20.000000,1
727,2.764711900057e-03,2.144447879844e-03,19.000000,1
728,2.866218998432e-03,8.677619072814e-04,23.000000,1
729,2.536678164134e-03,2.876586164886e-03,17.000000,1
730,5.326915665101e-04,1.793295934964e-03,21.000000,1
731,1.972668898600e-03,8.524106689827e-04,20.000000,1
732,6.260420879957e-04,3.937056660983e-04,22.000000,1
733,1.932603886340e-03,1.733947227577e-03,25.000000,1
734,5.537128268991e-03,1.294329444086e-03,14.000000,1
735,8.709129088165e-03,5.681630481102e-03,19.000000,1
736,7.571140372587e-03,1.048144279132e-02,18.000000,1
737,9.530425074326e-03,5.995956369548e-03,17.000000,1
738,7.630246210818e-03,1.329199982955e-02,17.000000,1
739,2.461640804350e-03,7.548697394961e-04,17.000000,1
740,1.757208103432e-03,2.070097516347e-04,23.000000,1
741,6.104559087697e-03,3.515051343646e-03,21.000000,1
742,9.907472258105e-04,2.803080251260e-04,21.000000,1
743,4.770510175787e-04,6.168289616026e-04,20.000000,1
744,5.053133179107e-03,6.469391588217e-03,16.000000,1
745,4.415298589688e-04,2.780430032959e-04,18.000000,1
746,1.330284138256e-04,1.120326842279e-03,17.000000,1
747,3.983037339084e-04,4.409852589782e-04,16.000000,1
748,9.083342734646e-03,1.284241299311e-03,18.000000,1
749,1.207117531434e-03,1.718524065331e-03,16.000000,1
750,3.192466460738e-03,9.484785501326e-03,16.000000,1
751,1.562494457134e-03,4.100020290614e-04,16.000000,1
752,9.238802356218e-03,2.523576498370e-03,28.000000,1
753,2.792847532978e-03,8.588717964536e-04,13.000000,1
754,1.774503509131e-04,2.634183383762e-04,19.000000,1
755,8.243367933244e-03,7.298104475279e-03,17.000000,1
756,7.214395677724e-04,8.343966197276e-04,15.000000,1
757,4.911112008684e-03,4.536791025893e-03,14.000000,1
758,6.043926322817e-03,9.185360409182e-04,17.000000,1
759,3.386322752177e-04,3.324057343051e-04,20.000000,1
760,8.704287808171e-03,2.551722715435e-03,17.000000,1
761,2.710168522217e-03,6.084429507113e-04,16.000000,1
762,5.084679877259e-04,0.000000000000e+00,15.000000,1
763,9.797393892786e-03,3.094841693036e-03,16.000000,1
764,1.013434703271e-03,5.267806328376e-04,16.000000,1
765,6.579976151582e-03,4.669039593012e-03,14.000000,1
766,1.909105006552e-03,1.262879893001e-03,23.000000,1
767,3.653974015634e-04,1.927339671292e-04,21.000000,1
768,5.426401471711e-03,1.620463163639e-03,28.000000,1
769,7.824778166539e-03,3.872255026895e-03,19.000000,1
770,4.944751829671e-04,2.088083468042e-04,20.000000,1
771,5.951585252459e-04,2.222898874445e-04,15.000000,1
772,4.398180350572e-03,1.716736599846e-03,17.000000,1
773,7.371968107083e-03,1.379342124665e-02,16.000000,1
774,2.020043798399e-03,9.223421936898e-04,17.000000,1
775,2.820759015260e-03,8.787731007601e-04,15.000000,1
776,9.942622835067e-03,3.159261658081e-03,21.000000,1
777,6.359257331123e-04,7.201467291028e-04,17.000000,1
778,5.452779426124e-03,5.420645288187e-03,17.000000,1
779,1.559850695673e-03,9.596876630861e-04,16.000000,1
780,1.076940939858e-03,3.855325829540e-04,20.000000,1
781,7.091126570888e-03,1.341988541466e-02,14.000000,1
782,7.784537468541e-04,1.312571211907e-03,21.000000,1
783,2.306805252156e-04,8.384571140227e-04,19.000000,1
784,7.725607866994e-03,4.772467903124e-03,17.000000,1
785,1.623906058548e-03,2.177043656877e-03,19.000000,1
786,6.715668858954e-03,2.170178874863e-02,15.000000,1
787,6.109416507312e-03,5.578215873659e-03,16.000000,1
788,3.117436980541e-03,3.856432938698e-03,24.000000,1
789,9.818372610469e-03,4.018714884341e-04,20.000000,1
790,8.510153374648e-03,1.582084122389e-02,18.000000,1
791,9.929746910682e-04,0.000000000000e+00,18.000000,1
792,4.376113169284e-04,0.000000000000e+00,16.000000,1
793,2.545456304971e-03,1.639338134307e-03,21.000000,1
794,1.687055918256e-03,7.763528155035e-04,18.000000,1
795,1.518245490997e-03,1.463954209930e-03,24.000000,1
796,7.765835574200e-04,8.474744223987e-04,17.000000,1
797,6.562087215627e-03,4.166708042382e-03,23.000000,1
798,1.086919704815e-03,3.774230097896e-04,25.000000,1
799,9.587412689054e-04,6.164348304649e-04,17.000000,1
800,8.703646391282e-04,1.774018921020e-04,18.000000,1
801,5.429919330288e-04,4.180703647332e-04,16.000000,1
802,1.428079067340e-03,5.248768314069e-04,19.000000,1
803,1.128990003756e-03,3.052231416061e-04,15.000000,1
804,8.434423699701e-03,3.555275649747e-03,16.000000,1
805,9.948827735061e-04,6.914523730624e-04,16.000000,1
806,2.841450058418e-03,2.660031682510e-03,18.000000,1
807,6.528685934121e-04,0.000000000000e+00,20.000000,1
808,3.426842284440e-03,1.817248210576e-02,15.000000,1
809,8.785733824219e-04,2.880040935673e-04,19.000000,1
810,3.361943149412e-04,1.669068311410e-04,17.000000,1
811,4.582817366545e-03,7.788410590492e-03,24.000000,1
812,2.595339731818e-03,8.939922442940e-04,21.000000,1
813,1.420061139164e-03,9.778396800926e-04,22.000000,1
814,1.105223637775e-03,0.000000000000e+00,31.000000,1
815,9.611800563725e-03,1.562944877424e-02,18.000000,1
816,7.920331972628e-04,0.000000000000e+00,17.000000,1
817,4.270518656355e-03,4.721477098487e-03,20.000000,1
818,9.287780965371e-03,5.432943908150e-03,15.000000,1
819,2.654583787069e-03,7.930545183900e-04,21.000000,1
820,1.233665637472e-03,7.977402207452e-04,20.000000,1
821,7.454108323371e-03,2.314145290473e-03,17.000000,1
822,7.031593459496e-03,3.504013145812e-03,14.000000,1
823,5.703707090617e-03,5.173347637267e-03,20.000000,1
824,6.110648018915e-03,1.285317437557e-02,17.000000,1
825,1.993634292239e-03,2.438441404440e-03,21.000000,1
826,4.018118434969e-03,3.060854948837e-03,17.000000,1
827,6.608009959686e-03,1.140736179254e-02,15.000000,1
828,6.087573732173e-03,1.146892062085e-02,21.000000,1
829,6.549797691883e-03,8.217618880951e-03,15.000000,1
830,4.978369133145e-03,9.531941522097e-03,21.000000,1
831,9.315974081171e-03,1.186407384999e-02,14.000000,1
832,2.507104192358e-03,2.946504546101e-03,16.000000,1
833,1.952878679717e-03,5.082322957622e-04,22.000000,1
834,2.311018563782e-03,6.445321344537e-04,14.000000,1
835,9.104269288173e-04,6.424068492925e-04,26.000000,1
836,5.798795720910e-03,1.438094777556e-02,19.000000,1
837,6.573356638806e-03,1.604986997145e-03,14.000000,1
838,3.425594106842e-03,1.298329866571e-03,17.000000,1
839,6.193333581755e-03,2.230757634395e-03,21.000000,1
840,1.162403199642e-03,5.752962868516e-04,17.000000,1
841,4.302009093649e-03,1.753936405257e-02,18.000000,1
842,1.069539484446e-03,4.353120200223e-04,21.000000,1
843,8.065601159820e-03,3.045837895832e-03,18.000000,1
844,1.924455979526e-03,5.769747004548e-04,22.000000,1
845,3.219203444642e-03,1.396457988881e-03,14.000000,1
846,1.396473389820e-03,2.260111486428e-03,18.000000,1
847,3.348153295432e-03,9.967496920648e-04,20.000000,1
848,7.545458561190e-03,2.674088819734e-03,18.000000,1
849,9.784049742486e-03,1.202461658513e-03,26.000000,1
850,5.565907812525e-03,1.006225475825e-02,14.000000,1
851,5.947130288301e-03,2.377461104152e-03,19.000000,1
852,3.539774869175e-03,6.343535937533e-04,15.000000,1
853,5.368932541149e-03,3.382649874413e-03,21.000000,1
854,4.128369628021e-03,2.452819492376e-03,14.000000,1
855,3.527737494864e-03,2.647597029467e-03,20.000000,1
856,2.597926576596e-03,8.926040050516e-04,18.000000,1
857,1.195880808618e-03,2.671280516387e-04,21.000000,1
858,8.330372721234e-03,5.153940975944e-03,21.000000,1
859,1.349765693012e-03,1.401855862317e-03,16.000000,1
860,2.594223707302e-03,2.748746963285e-03,16.000000,1
861,5.184915327317e-03,5.548427753200e-03,17.000000,1
862,1.065957120167e-03,2.956595981449e-04,27.000000,1
863,4.677207757468e-03,7.836836609705e-04,18.000000,1
864,7.647319266559e-03,5.787715903068e-03,19.000000,1
865,1.836786571736e-03,4.801205638213e-04,21.000000,1
866,3.029093508006e-03,1.110999347869e-03,32.000000,1
867,3.325206889381e-03,3.174805643989e-03,20.000000,1
868,4.484223186186e-03,3.035009570938e-03,22.000000,1
869,1.196892701968e-03,4.072646969327e-03,25.000000,1
870,3.098173707340e-03,1.916496187907e-03,19.000000,1
871,6.420649583232e-03,2.998400443266e-03,12.000000,1
872,6.804036132688e-03,3.535619134992e-03,18.000000,1
873,8.071408523052e-03,6.247960191811e-03,19.000000,1
874,1.400806098041e-03,1.063736397560e-03,16.000000,1
875,1.438578425855e-03,1.724542418674e-03,15.000000,1
876,2.978787168701e-03,2.795623585138e-03,15.000000,1
877,1.108931701756e-03,5.935719135419e-04,16.000000,1
878,1.292380507271e-03,5.937972982261e-04,15.000000,1
879,6.990352846206e-04,5.534011089584e-04,18.000000,1
880,7.815682856775e-03,8.610903232692e-03,14.000000,1
881,5.977437458237e-03,5.779255909005e-03,16.000000,1
882,5.978929670260e-03,2.677887127554e-03,15.000000,1
883,7.845967004351e-04,1.540839420153e-03,15.000000,1
884,2.637240931936e-03,1.593943933150e-03,17.000000,1
885,1.793225795954e-03,3.012385809904e-04,19.000000,1
886,2.493263182424e-03,2.831873245864e-03,18.000000,1
887,4.062965137890e-03,1.530664853917e-03,16.000000,1
888,1.870877742655e-03,2.618527366602e-04,18.000000,1
889,1.087587922990e-03,7.297072967160e-04,24.000000,1
890,6.176796611385e-04,8.258686315173e-04,16.000000,1
891,7.975977240146e-03,2.314483325235e-03,25.000000,1
892,2.385989065664e-03,1.218791782179e-03,24.000000,1
893,1.342218520486e-03,1.093157741933e-03,16.000000,1
894,8.520762299099e-03,1.984288226507e-03,15.000000,1
895,4.994244010940e-03,8.975692269635e-03,18.000000,1
896,4.858354436803e-03,5.977307642503e-03,30.000000,1
897,3.629217079732e-04,9.271544869531e-04,17.000000,1
898,3.713246002855e-03,2.494339095036e-04,18.000000,1
899,7.777103052081e-03,7.892985526307e-03,17.000000,1
900,7.827053825612e-04,2.144995109490e-03,34.000000,1
901,2.589526177112e-03,1.809850063842e-03,17.000000,1
902,5.664055351907e-03,3.453078539914e-03,14.000000,1
903,2.266703902236e-03,2.455300173984e-03,21.000000,1
904,5.248136979433e-03,1.222749868853e-02,14.000000,1
905,5.318724827889e-03,5.782468232620e-04,30.000000,1
906,7.115231764023e-03,4.833336972772e-03,15.000000,1
907,1.818603147091e-03,9.224265259244e-03,17.000000,1
908,9.557016988130e-03,1.140737000630e-02,15.000000,1
909,3.398521998277e-04,6.726961231092e-04,20.000000,1
910,1.860583681958e-03,5.509420397047e-04,18.000000,1
911,5.331896909601e-03,3.003396991923e-03,22.000000,1
912,9.703730342039e-03,2.314070265374e-03,16.000000,1
913,3.627471502884e-03,6.607510965030e-03,16.000000,1
914,2.698000213076e-04,7.521153478163e-04,17.000000,1
915,3.222303944397e-04,3.040628613567e-04,16.000000,1
916,8.787051199274e-04,2.105103685148e-04,17.000000,1
917,6.169626752559e-03,1.957606252292e-03,18.000000,1
918,2.351958293524e-03,3.533448919394e-04,23.000000,1
919,9.266866911973e-04,6.586814111018e-04,15.000000,1
920,6.245073808516e-03,1.135746276320e-02,16.000000,1
921,4.032876616643e-04,0.000000000000e+00,24.000000,1
922,8.430143951643e-04,6.515225606852e-04,25.000000,1
923,8.893790335126e-03,1.473221812189e-03,26.000000,1
924,2.524552734841e-03,1.366794362595e-03,14.000000,1
925,5.062477418081e-03,2.713886210046e-03,19.000000,1
926,1.459070612251e-03,1.652794805811e-04,18.000000,1
927,7.996434278502e-03,1.358008012483e-03,19.000000,1
928,4.579792033063e-03,1.407311015349e-03,18.000000,1
929,6.220652216414e-03,2.213070079445e-03,18.000000,1
930,2.315472537459e-03,3.894406631197e-03,17.000000,1
931,9.648153170890e-03,1.405883905803e-02,16.000000,1
932,9.320607107159e-03,2.190352955220e-02,15.000000,1
933,3.074486675720e-04,3.699289599232e-04,24.000000,1
934,6.406932778665e-03,2.815638303131e-03,16.000000,1
935,3.892634338359e-03,2.789102777607e-03,15.000000,1
936,4.404285002615e-03,3.462204624431e-03,16.000000,1
937,7.235291887649e-03,3.125910384283e-03,14.000000,1
938,2.393839610994e-03,3.294548854595e-04,19.000000,1
939,4.341308944313e-03,2.195411069348e-03,15.000000,1
940,7.812734498605e-03,3.357769337406e-03,20.000000,1
941,7.692741620204e-03,2.771308513226e-03,16.000000,1
942,3.130587419946e-04,6.723269106636e-04,22.000000,1
943,3.896598715354e-03,3.700262259905e-03,18.000000,1
944,9.098750128463e-03,2.863473198904e-03,17.000000,1
945,3.495802209211e-03,2.281864159593e-03,22.000000,1
946,1.103659931823e-03,6.426465476450e-04,21.000000,1
947,8.916493289980e-04,1.157446082524e-04,18.000000,1
948,1.256660442140e-03,3.191036467429e-04,12.000000,1
949,1.480014021541e-03,2.272486580635e-03,13.000000,1
950,3.257535101828e-04,1.024531809505e-03,19.000000,1
951,6.132285822990e-03,1.202743304391e-03,15.000000,1
952,1.119107077524e-03,3.122091628822e-03,17.000000,1
953,8.151166581787e-04,4.951415580593e-04,17.000000,1
954,7.381183160158e-03,5.263682964406e-03,16.000000,1
955,5.767131417753e-03,4.263553382364e-03,12.000000,1
956,1.611287984202e-03,4.527797379639e-04,15.000000,1
957,9.478494915833e-03,4.612490661496e-03,14.000000,1
958,5.630330430463e-03,2.082614891755e-03,17.000000,1
959,3.458693557675e-03,1.374532815342e-03,14.000000,1
960,8.860833818844e-03,3.548988857779e-03,15.000000,1
961,7.185434078786e-03,1.113530430057e-02,17.000000,1
962,4.586578298982e-04,5.919054558835e-04,19.000000,1
963,2.412955457665e-03,6.602203047586e-04,17.000000,1
964,1.103497125153e-03,5.989712214393e-04,13.000000,1
965,9.477226632536e-04,7.143199241568e-04,16.000000,1
966,4.538584778669e-03,2.054291402081e-03,14.000000,1
967,5.653221849267e-03,1.374056548434e-03,16.000000,1
968,4.346092973683e-03,3.239745504773e-03,12.000000,1
969,3.067151843067e-03,9.051313798948e-03,13.000000,1
970,1.363426215982e-03,2.357770980827e-03,13.000000,1
971,3.396833276675e-03,2.714852340992e-03,14.000000,1
972,9.120754189542e-03,1.568433583049e-02,14.000000,1
973,3.133302176767e-03,7.294696028759e-03,19.000000,1
974,4.035838495306e-03,1.352089819399e-03,15.000000,1
975,5.228117536264e-03,3.141342399786e-04,20.000000,1
976,9.897154118115e-03,6.904873965117e-03,17.000000,1
977,9.481243803760e-03,2.563258713984e-03,18.000000,1
978,5.360414661322e-03,4.336311957477e-03,22.000000,1
979,1.336798263792e-03,1.551749431850e-03,19.000000,1
980,5.178485039263e-03,6.191859990850e-03,16.000000,1
981,9.573341437235e-04,3.844346369248e-04,22.000000,1
982,9.481707764237e-03,1.073777290068e-02,17.000000,1
983,4.941813630667e-03,4.421705912184e-03,14.000000,1
984,4.347919661656e-03,1.767968789464e-03,20.000000,1
985,7.296936465887e-03,5.759879412722e-03,19.000000,1
986,5.083357867722e-03,1.128479071213e-02,19.000000,1
987,8.406938490332e-03,7.406290912213e-03,16.000000,1
988,1.893172296362e-03,5.953324908411e-03,17.000000,1
989,3.673844656639e-03,3.904348200150e-03,20.000000,1
990,8.498639335967e-03,9.465973068006e-03,14.000000,1
991,1.787609305156e-03,7.734964266363e-04,19.000000,1
992,4.482439037151e-03,3.707163124733e-03,18.000000,1
993,2.210866587991e-03,4.970901733278e-04,14.000000,1
994,1.125304053302e-03,2.840242185988e-04,20.000000,1
995,4.188464944217e-03,4.916774523623e-03,18.000000,1
996,3.172613132454e-03,7.434760530752e-04,16.000000,1
997,8.376509421121e-04,3.662096523059e-04,22.000000,1
998,8.025217384224e-04,5.025509126972e-04,19.000000,1
999,4.746158091528e-04,0.000000000000e+00,19.000000,1
