target_id,best_seed_id,pos_err_mm,rot_err_deg,pose_cost,limit_score,total_loss,iters,success_loose,success_medium,success_strict,near_limit,q0,q1,q2,q3,q4,q5
0,13,2.6289732370982017,0.029225844112385085,7.171689239547995e-06,0.0,3.5858446197739973e-06,53,1,1,1,0,-2.5704267411392645,5.325509924231001,-1.059583107297969,3.646493764151901,-1.8575375582240168,3.9376390025107497
1,0,0.07043652399845614,0.019312727125611755,1.1857794445195742e-07,0.0,5.928897222597871e-08,14,1,1,1,0,-2.504984377313354,-4.289866236875377,1.2631112877386752,2.7076684918278864,2.8042413299439484,-4.125803016038744
2,10,0.6654051538607005,0.16204998888549835,8.442078050114982e-06,0.0,4.221039025057491e-06,10,1,1,1,0,5.13740387670902,-5.929745790677795,0.4317336479394538,4.161079831058683,-3.3278384835890664,-6.051296924487619
3,7,0.7463376763795767,0.10598296911347246,3.978601508463071e-06,0.0,1.9893007542315353e-06,60,1,1,1,0,-1.0893133453613137,-6.103296556996376,2.6177240981764403,3.5045612424404866,5.687713314213278,4.397041097415088
4,2,0.09105776797929042,0.43694335750454544,5.816569628351053e-05,0.0,2.9082848141755263e-05,23,1,1,1,0,-2.147588062565695,-0.41934837376403183,0.34824280665459145,5.448004367622301,-4.523768912701785,-0.7088199934919156
5,2,0.06401892044933302,0.06945603218906148,1.473615625781092e-06,0.0,7.36807812890546e-07,16,1,1,1,0,3.1350171003479668,-5.836835056785427,-1.7645930718284102,5.513207526266782,-5.856352732751855,-4.701459053904923
6,4,0.023690155350341455,0.04228478958272191,5.452182148936826e-07,0.0,2.726091074468413e-07,32,1,1,1,0,5.2243972028970385,-4.711149383328838,1.5831053518177949,-1.2780949787150353,-1.1507364087394398,-3.91356256589541
7,2,0.04785562960914973,0.054581535137601105,9.097893130298088e-07,0.0,4.548946565149044e-07,17,1,1,1,0,4.044124958318088,1.3638989126603647,1.2063242860834569,-0.8450733746522023,-1.3306249311650251,-2.579585851409052
8,8,0.15678529869447003,0.0204899932322912,1.524721533889114e-07,0.0,7.62360766944557e-08,10,1,1,1,0,-5.064150066209451,-4.631520455380538,2.793628763765359,-0.8529511106378679,-4.459474314167879,2.7808066920756276
9,15,0.1762225955873187,0.02459086161541676,2.1525974780454712e-07,0.0,1.0762987390227356e-07,17,1,1,1,0,-3.2873153650677023,2.3527386069856813,-2.882093108891398,5.158883475370695,1.8027661801872292,1.9010435354789188
10,6,0.6519989191442249,0.1281536548684892,5.427943911404371e-06,0.0,2.7139719557021854e-06,38,1,1,1,0,6.142337871514087,-5.832163161037747,-2.9561714082713624,-3.442651579453961,4.146877445760743,-4.824031173268176
11,14,0.10016654065152236,0.03339185829798897,3.496866939111041e-07,0.0,1.7484334695555204e-07,25,1,1,1,0,0.647007191069293,2.095151210753566,2.871812723734453,-2.0259938273569373,-1.6598151263373173,-5.509982765706102
12,7,3.242201487855963,0.08781957728052696,1.2861164759722188e-05,0.0,6.430582379861094e-06,54,1,1,1,0,4.5642452446754405,-4.549253048115717,2.605092471328133,5.217168837341518,-3.0809597914802924,2.835079463992856
13,13,0.029112107823766192,0.0003581548686483828,8.865895940308301e-10,0.0,4.4329479701541505e-10,42,1,1,1,0,-1.0515130195470692,4.2908414890926,1.9919478232616914,-0.8762854914544745,1.6968723304516313,5.621590922857215
14,2,0.04584304246877711,0.15226902242024787,7.064916967708787e-06,0.0,3.5324584838543936e-06,12,1,1,1,0,-4.603741866879529,0.5066478094602453,-1.4802503244723515,5.316920425073762,-4.278889138053288,1.4781190613092803
15,2,0.11325000285587737,0.17562461755902956,9.408447175931006e-06,0.0,4.704223587965503e-06,28,1,1,1,0,5.237636439462826,-0.7729501463094763,0.8350721498714624,-2.5844832420496284,-0.26807841182016967,-0.0942577627111241
16,6,0.026716659113366133,0.14885883680678305,6.750716957913967e-06,0.0,3.3753584789569836e-06,24,1,1,1,0,-0.04771817128487297,0.5423564862827651,-1.4713376216096916,-3.5083145030613845,5.091840057002057,1.8427352023593022
17,6,0.02615555182950553,0.01771504272106967,9.627998579707678e-08,0.0,4.813999289853839e-08,15,1,1,1,0,-1.8697635468880593,-3.044663657143528,2.3203970328928136,-3.8030636342282116,4.694017935781145,-2.6632122385039403
18,6,0.14657538610151072,0.03441811641670383,3.8233619170294345e-07,0.0,1.9116809585147173e-07,27,1,1,1,0,1.245539876994597,4.582912702416144,-1.4614732743083305,3.900532978813325,-0.9400706269940154,5.578918999702566
19,13,0.017121324509438568,0.8442969690329799,0.0002171429741010367,0.0,0.00010857148705051835,38,1,1,1,0,-3.0024056898753746,0.16656797500095055,0.7676274928593626,5.27611769012233,-4.717979808988899,1.6912118266319907
20,4,0.058651102165408975,0.00044500464050763845,3.5002749078627867e-09,0.0,1.7501374539313933e-09,32,1,1,1,0,-2.2978400963832653,2.6057076294105674,2.58535738865775,5.194586587460026,-5.200091306821636,0.8511425952988934
21,7,0.5604111852161222,0.06261814488983168,1.5084753684102943e-06,0.0,7.542376842051472e-07,7,1,1,1,0,-3.454736774101865,2.979721220942015,1.9647404727277877,-2.2599615126628287,-3.2466429523324347,5.523737597725615
22,8,0.051544020227373644,0.4036570836961546,4.9636727104394215e-05,0.0,2.4818363552197107e-05,19,1,1,1,0,-3.651242236818324,-0.4348136482318505,-0.27319389168691965,-1.3205361617315432,1.8369219642787418,3.388030644567283
23,12,78.55286070800862,0.6671433844613344,0.006306131136603757,0.0,0.0031530655683018787,60,0,0,0,0,-1.1803307008075792,-0.4019554445584191,-2.2930555362042635,-0.7401927496798348,-1.662651670099267,2.1238503026188718
24,15,0.8646697993338399,0.0026783563799038595,7.498390632391424e-07,0.0,3.749195316195712e-07,21,1,1,1,0,4.280998409596596,-5.706529320145168,2.8825218973625626,-2.4520751591110543,-1.299432106154475,-2.694071016136175
25,1,0.1346568627864542,0.04406955781907292,6.097378592867677e-07,0.0,3.0486892964338387e-07,12,1,1,1,0,-3.8159639014956603,-2.4975864750660968,-1.2037429709342333,1.935528035704878,-4.659012834184221,2.6405634497575714
26,14,0.6677080924206966,0.06513829687587414,1.7383251142777169e-06,0.0,8.691625571388584e-07,16,1,1,1,0,-2.228332093738146,-3.2428577303034536,2.554359954741913,-2.3232758766661408,-1.8843133691989375,2.0914496727643543
27,0,0.027306460416893025,0.5082093488771873,7.867634046891171e-05,0.0,3.9338170234455854e-05,53,1,1,1,0,2.2676012247322808,2.21325089458638,0.11226286604929664,6.083038373372071,5.371196759825699,-1.464268195631969
28,5,57.75697987346519,0.10035877107157402,0.003338936795094697,0.0,0.0016694683975473485,60,0,0,0,0,-1.5344604104508233,-4.170946370033742,-1.0421235325013722,-4.248181657751767,4.701680529612047,-3.168019178740516
29,5,0.225264510975909,0.773454750771117,0.00018228270898210748,0.0,9.114135449105374e-05,35,1,1,1,0,-4.945526034797165,0.33971150222356744,-2.8682364057402494,3.1028144004763027,4.1127891715236125,5.93044860511208
30,14,0.044119676049576055,0.003622497980205718,5.943885352139267e-09,0.0,2.9719426760696335e-09,23,1,1,1,0,2.273488907256472,-2.5057126692397267,2.0870737612954646,5.0733798140699315,1.3897162182481553,-3.6887993016140648
31,15,0.7072178727721152,0.007935594558132636,5.193399936939367e-07,0.0,2.5966999684696834e-07,30,1,1,1,0,5.215629446213413,-2.2057389165406702,3.0300020669479055,2.9804205624699907,1.7474269505777538,-0.3100391290080985
32,0,0.0344775199283341,0.00016503911016486653,1.1969965216286908e-09,0.0,5.984982608143454e-10,60,1,1,1,0,-3.7962194778951734,-2.8428963729615164,2.323800790521842,-4.089940116785183,-1.5240672650104232,5.429586299854674
33,14,4.976252665899487,0.010252800311483923,2.479511195191183e-05,0.0,1.2397555975955915e-05,14,1,1,1,0,5.946521189300883,2.042777390664944,-2.9646796683371432,1.2148853651071982,-1.5507060105450932,1.4918728508029926
34,13,0.015205016810568598,0.0007170132044120197,3.8779876895299515e-10,0.0,1.9389938447649758e-10,22,1,1,1,0,0.767077882946112,2.9476551892685885,-2.3465498281835906,1.2304228168116862,4.629668120746025,-5.120140143037263
35,6,0.21225042595971108,0.06055738180937703,1.1621421764441722e-06,0.0,5.810710882220861e-07,16,1,1,1,0,0.5030748269568921,-4.362419567289868,2.5263158678622406,-5.955767542051836,-4.199215147256222,3.7972073414863754
36,7,0.17402964474178997,0.0017182687427433614,3.118568418001805e-08,0.0,1.5592842090009025e-08,13,1,1,1,0,-4.773439148134742,-5.757521082044848,1.4581586028011597,4.281169034733443,3.924467159996607,-0.7290310818909246
37,3,0.10305489976248323,0.10784250464374341,3.5533226736524385e-06,0.0,1.7766613368262192e-06,15,1,1,1,0,-0.8177371745712044,4.018535313223584,-2.556741001018882,-4.6650815704500594,-1.6366774239899846,2.148869537490855
38,14,0.09322632744406177,0.002985704394458472,1.1406639016878986e-08,0.0,5.703319508439493e-09,25,1,1,1,0,0.08607487227599286,-0.7897561252251458,-2.4051418781623717,-1.8751686358258532,-0.4533479343785253,-3.9657761461811734
39,1,0.3892393683606916,0.007907782486572052,1.7055593425998134e-07,0.0,8.527796712999067e-08,32,1,1,1,0,-3.4094166164925666,1.0081830701392338,0.7782648161834603,-4.331395496948731,-4.000373020410631,-2.596141350072746
40,2,0.09777033581259996,0.15703036613439728,7.520978616577679e-06,0.0,3.7604893082888395e-06,13,1,1,1,0,2.256936644898924,-0.4874016034438972,-0.767519609310487,-1.8237214045643544,-5.0553746963798725,-1.1441601463755044
41,5,0.05438904554085016,0.06824624091634675,1.4217288487919516e-06,0.0,7.108644243959758e-07,12,1,1,1,0,1.1102566342247624,-0.0511644484994948,2.3056711579123905,-0.26643134695674336,5.874273364919316,1.3912234726513228
42,15,0.1174416960782048,0.008121752891156181,3.38859912464681e-08,0.0,1.694299562323405e-08,21,1,1,1,0,1.2288517673463377,-4.524365722163418,-1.7360478312068952,-2.397646229353753,-4.444038564063646,-1.3954820588979178
43,10,0.46196283577755576,0.03367645818251941,5.588774458465655e-07,0.0,2.7943872292328274e-07,25,1,1,1,0,0.9714731462820121,0.8855967049424875,1.3825989211786764,5.81549069360102,-1.3794002990193555,-5.340635925217567
44,11,0.45055431830348086,0.33283405881500816,3.394806329320548e-05,0.0,1.697403164660274e-05,15,1,1,1,0,1.3941149561907866,1.693708866288571,0.8245276085319119,3.1403949857279,5.378261220538569,-3.447137292481502
45,9,0.025079491761182918,0.03525864551262655,3.7932085329862333e-07,0.0,1.8966042664931166e-07,16,1,1,1,0,-2.148800590875169,1.6177152216505928,1.9453639038904034,-5.330162718010476,-4.5077809712536085,-5.599081201775916
46,7,0.5316563141193447,0.0007704930818236737,2.8283927539524217e-07,0.0,1.4141963769762109e-07,38,1,1,1,0,0.1990662335471909,4.463741011684765,-0.47021141088011936,-1.4584872039925991,5.897349723688373,-4.831704900289771
47,9,2.008264631112084,0.08664401518660063,6.319946265131623e-06,0.0,3.1599731325658114e-06,6,1,1,1,0,4.667264632321806,-3.1179978760926903,1.220130957892639,3.617039844995171,-2.512615081199019,-1.9114881677571178
48,10,0.3024653353655635,0.04136021656979718,6.125844035388181e-07,0.0,3.0629220176940906e-07,26,1,1,1,0,-5.384761910161125,2.169598580875174,-1.7324373110615348,2.7016900490773565,5.761228815100567,5.267739174491028
49,11,0.1399752684007573,0.005450146236436522,2.8641460234802125e-08,0.0,1.4320730117401062e-08,41,1,1,1,0,-2.54378512732763,-3.2957335361775515,-2.267988933956211,-4.560401056804905,-1.5889639445809307,4.2588668366890765
50,2,3.1516915557574485,0.3949033287690416,5.7437831716259075e-05,0.0,2.8718915858129538e-05,52,1,1,1,0,-1.6629910135885297,0.3761562027671892,-2.710726411112947,4.186926201898893,5.088581921693792,3.502136790762587
51,12,0.23475062976438993,0.0014756194229890221,5.57711481923246e-08,0.0,2.78855740961623e-08,25,1,1,1,0,-0.7758732235804897,2.021586533368016,0.6307467168596862,-3.347526063237959,1.486895991787734,5.280295472304189
52,0,15.226355963150521,0.06668855954766445,0.0002331966604553469,3.730881558021713e-07,0.00011660952287234752,60,1,0,0,1,0.7749670901087089,5.045640348602714,-3.0552034630165394,-2.3649472588352975,2.2616184283420715,4.183185206445512
53,12,0.020212958564287897,0.2725681732548027,2.2631475142200555e-05,0.0,1.1315737571100278e-05,11,1,1,1,0,-3.1000860464483067,0.2607409339222862,1.752701517418118,1.9825360563054275,1.703679734150849,-4.251218674042082
54,10,0.02758546586190547,0.0014900883743690378,1.4373192855752642e-09,0.0,7.186596427876321e-10,12,1,1,1,0,3.6352052429790116,4.985364888429945,1.4475165272191834,-4.016660347740666,5.046995930997451,-2.7176764933689497
55,4,0.06678634219573755,0.5681095015129399,9.83192470029389e-05,0.0,4.915962350146945e-05,31,1,1,1,0,-0.43221454053931874,-2.6565972234585495,2.6631718353590257,4.50377141923722,-4.183046066263154,-0.30753376268814514
56,9,0.9162337815051051,0.22618924358370882,1.6424190979967156e-05,0.0,8.212095489983578e-06,10,1,1,1,0,2.8165560796616202,5.486273233512063,0.5446084829954708,5.326892419425296,2.5490278853663524,-4.432691388811502
57,6,0.05170758304656008,0.004459067321794388,8.730468015475345e-09,0.0,4.365234007737672e-09,10,1,1,1,0,1.5302174878843564,2.348837527561053,-1.0427903759021695,4.39373951960847,0.6369248926243574,-3.7069911628263497
58,0,1.0108498873501026,2.409484140482933e-05,1.0218176716048253e-06,0.0,5.109088358024127e-07,20,1,1,1,0,-5.965242251605663,0.8087407669562127,-0.20124246865249173,0.4162931670576581,5.21209996517718,-4.640064956108158
59,13,0.24024501892996836,0.026601830219515076,2.7328243157622693e-07,0.0,1.3664121578811347e-07,16,1,1,1,0,2.395126984904835,1.590014487545184,2.748499937004843,1.7335721831859527,-3.0171029000264618,3.7090127135589452
60,9,0.14337088324940594,0.06506891804899728,1.310294428577246e-06,0.0,6.55147214288623e-07,24,1,1,1,0,-2.317921735366882,-5.340279754780383,2.295563423567742,4.64263243148454,4.370291772928255,3.7995419815498455
61,4,0.022184464740191867,0.0003341581891133964,5.261645733358131e-10,0.0,2.6308228666790655e-10,24,1,1,1,0,1.9173337408715836,1.056446351600702,-0.9782003497319662,4.623868116371604,-4.750281916009545,-3.4246046184458514
62,5,0.04766634634207816,0.005012375550361003,9.925260803916224e-09,0.0,4.962630401958112e-09,18,1,1,1,0,-0.9148146235397572,-3.785661165352689,2.1287956384186892,-2.9832562451105917,4.390882192520243,-3.482845938168655
63,15,0.03943600162233391,0.020213782779212992,1.260209664358849e-07,0.0,6.301048321794245e-08,13,1,1,1,0,-0.13331899354046228,5.821309230573741,1.714735222298698,0.17552503687111956,4.305218212424644,-4.532648344322503
64,2,0.4444870596254051,0.8037775415282067,0.00019699819217095147,0.0,9.849909608547574e-05,25,1,1,1,0,3.0952478267141084,2.536187954205391,-0.7839208507611275,-0.9907901489698608,3.8260750834171398,-2.542402576206207
65,15,28.471586836939437,4.068477015978179,0.005852812691042685,0.0,0.0029264063455213423,60,1,0,0,0,-1.8923868738182459,-1.851807912154421,0.6673735239810624,3.4814362295715937,4.303003536490986,-2.1216658243315067
66,9,0.015148932490295097,0.5543841945163638,9.362190629983336e-05,0.0,4.681095314991668e-05,21,1,1,1,0,2.3155694706147805,1.3201406466826207,1.6627931336038781,5.7532712090669795,4.8506621080999635,-1.2402574067833696
67,6,1.3032539333711208,0.07732746738693184,3.5199420120306523e-06,0.0,1.7599710060153262e-06,20,1,1,1,0,5.439164274543798,-4.534972628320503,1.881824976050072,-3.134418963622876,5.648468521597566,-2.9760971661877593
68,3,0.0678706180923266,0.5013853616671464,7.658155129395607e-05,0.0,3.829077564697804e-05,23,1,1,1,0,-4.229079923176077,2.520226318677786,-2.0418853847338108,5.495485262918954,2.6871952675149284,3.160840222451494
69,4,0.049954383901672346,0.13206317319573133,5.315230903671052e-06,0.0,2.657615451835526e-06,19,1,1,1,0,1.9014235380703632,-4.842913326806748,-1.38177106579683,5.212191036327414,-5.309630998990967,-3.640427294599005
70,3,1.8878657131930652,0.03883894831272586,4.023541333948816e-06,0.0,2.011770666974408e-06,39,1,1,1,0,-4.143712475035996,-3.426324375617165,2.5841666632574896,0.1291226135492495,-4.5309587387092485,-3.9122297816572615
71,15,0.04781018999357644,0.040207965609336954,4.947548563219992e-07,0.0,2.473774281609996e-07,14,1,1,1,0,-3.2690424709434156,-5.436345372035805,2.164137884225595,5.015393087457137,-1.7172559058812409,-1.6522054365497916
72,14,0.23600113955170243,0.03213611131111761,3.7028397925102116e-07,0.0,1.8514198962551058e-07,16,1,1,1,0,2.1734737329188145,-2.9076421625440023,-0.33961748655671853,-4.138952832367119,-4.1852708203603415,3.2025757002490414
73,12,3.6389158447196754,0.2953397772237481,3.981214086564149e-05,0.0,1.9906070432820745e-05,23,1,1,1,0,-0.752522557715462,-4.697787617980517,-2.889221693940409,2.287245472967135,4.762478138406333,1.7504793970741632
74,6,0.27690561365749516,0.00014576181257706908,7.668319093087293e-08,0.0,3.8341595465436465e-08,19,1,1,1,0,-1.0133780310651952,-1.675039684698765,0.9532028907802649,-4.146434658996315,4.235214844979051,2.7653210802021397
75,9,0.15724908309645208,0.19965605336439443,1.2167551246953941e-05,0.0,6.0837756234769705e-06,17,1,1,1,0,1.2446142259294113,5.152816882718953,-2.298065515961536,3.290926007701429,5.775765370278239,2.6687028889468016
76,8,0.4849421026847662,0.03220813441712291,5.511679644481356e-07,0.0,2.755839822240678e-07,21,1,1,1,0,1.8758580050662332,4.182395116762818,0.8932552664742033,1.3545268288301633,-1.83404027050126,5.361574559721948
77,6,0.6870245544780441,0.005136262785664365,4.800389101304279e-07,0.0,2.4001945506521395e-07,29,1,1,1,0,0.1302025073815987,-4.05826959190951,-2.5799988798814057,-4.749836612651839,-1.9552613684483156,-4.026602561185707
78,10,0.05420737194662005,0.14736557212004342,6.618196706292902e-06,0.0,3.309098353146451e-06,51,1,1,1,0,-1.7507692545771103,-4.693100928942272,-1.8048299564487817,1.0152316928266722,-2.8212362433292064,3.592579561600668
79,15,0.3278403871082934,0.01059224452383763,1.416560670219779e-07,0.0,7.082803351098895e-08,13,1,1,1,0,-5.033861031204074,-2.3431474085174346,-1.333054508581322,1.9994528050202398,-4.77994533635151,-2.7627055898079087
80,14,0.20642856936605009,0.011712660774891009,8.440212828020057e-08,0.0,4.2201064140100284e-08,17,1,1,1,0,-3.8054862500390274,-5.55641508374107,2.5590447903424356,3.3962113181310176,1.0164213921349672,0.9236206487577794
81,2,0.05517688606690663,0.004332310776211202,8.761827721711814e-09,0.0,4.380913860855907e-09,37,1,1,1,0,2.8612625047432174,-1.3507168460347072,1.9345206782598392,6.092496889743527,-1.4320349315616157,-0.8266989497217039
82,8,0.062442387622848095,0.01088644269989372,4.00006739885475e-08,0.0,2.000033699427375e-08,24,1,1,1,0,2.343086771282268,1.5689418512557627,2.212530480359238,-2.1485598908290866,5.156209612401944,-0.34717709112860196
83,4,0.03728817539211559,0.1547638172461689,7.297537842526226e-06,0.0,3.648768921263113e-06,15,1,1,1,0,0.49577532489932574,6.176057665926706,0.7522351079391022,-1.7530366185012909,-4.98037425359445,-2.0956486971545902
84,11,0.40738353138562894,0.23787166645895247,1.7402107392036968e-05,0.0,8.701053696018484e-06,54,1,1,1,0,4.822888843083815,-2.693103743590146,2.168917884339446,0.3657756631737729,1.6198795787019686,5.216925703238754
85,14,3.579589933422671,0.024428060485974654,1.2995238486744487e-05,0.0,6.497619243372244e-06,57,1,1,1,0,2.711459885224875,-1.983787341299344,1.112838276330879,-2.3842938904728257,5.621160738118774,0.8168638751111823
86,0,0.05088849592528308,0.02086194812078421,1.3516550033592903e-07,0.0,6.758275016796451e-08,29,1,1,1,0,-0.2130389171443909,5.421930151549232,-0.8707980633448124,0.7679233344675263,1.7474513966144343,5.189389743023781
87,13,0.09409799632402643,0.17361164895483894,9.190329500032865e-06,0.0,4.595164750016432e-06,16,1,1,1,0,-3.324877402014082,-1.9411944894490256,1.2522091192996643,-1.262985892463262,1.9434014368773336,-4.6575812232758445
88,13,3.5888236694451527,0.0637558177562,1.4117865527491889e-05,0.0,7.0589327637459445e-06,14,1,1,1,0,-4.059260732993235,1.8914520575365468,-0.8042736409046376,5.692428251090019,5.001686981037085,-0.31862476124753125
89,10,1.3067967718766598,0.13259642526094373,7.063444007159534e-06,0.0,3.531722003579767e-06,15,1,1,1,0,-3.7171185336495625,-4.41534462749069,2.1970148747015505,-5.302456004263398,-4.512080391922055,-3.854713649927281
90,13,0.004400317244409614,0.17704924791273127,9.548689873421161e-06,0.0,4.774344936710581e-06,19,1,1,1,0,-5.369402207097388,-0.04987993645822117,-2.0313922254027665,4.038898410172255,-1.705827106543598,0.7322716246724706
91,2,0.09130335429149189,0.01671066649227417,9.339961262520072e-08,0.0,4.669980631260036e-08,10,1,1,1,0,-1.8202167761782289,-3.0764904237601636,-2.026875208802011,-2.6694680170217207,1.4104569949836596,0.48424600009355695
92,3,1.1900442036356926,0.01690896578016785,1.5032993246482815e-06,0.0,7.516496623241407e-07,27,1,1,1,0,5.395908458887228,1.8710221779897822,-0.3013326130528281,-0.7110949162832155,3.382094397431374,1.3834007831894681
93,7,4.353369556979712,0.32508228350343427,5.1143335769573544e-05,0.0,2.5571667884786772e-05,22,1,1,1,0,0.9394170116200775,-6.153390234135494,-0.1841350187106695,-1.9985896398597012,2.8449829834351696,-3.1262315702450114
94,11,0.08300658414203077,0.0012817492416646531,7.3905432182642155e-09,0.0,3.6952716091321078e-09,11,1,1,1,0,-1.788312166859583,-5.628631658149696,-1.8023046863187948,-6.0649234975043225,-4.150839478741195,-5.425995672102654
95,3,0.05253869351792476,0.08310996146136966,2.1068337678377136e-06,0.0,1.0534168839188568e-06,49,1,1,1,0,2.784543411662714,4.573675165916448,-1.1408937814866773,1.1846746793265248,-5.1170276417896075,-4.878258379847433
96,6,0.8503750350544582,0.006372135193591621,7.355064185282328e-07,0.0,3.677532092641164e-07,18,1,1,1,0,-4.364247656718162,-0.02762254227603636,-2.7681906046129114,-0.1378238852820381,1.775557735962009,4.528171122474744
97,5,0.235525548513256,0.02777400174767614,2.9045269126199595e-07,0.0,1.4522634563099798e-07,18,1,1,1,0,0.1269086450446042,-3.5033976630449652,-2.5499570011923796,-1.6337800946688046,-4.128305222575967,4.145835875976798
98,6,1.334908460220776,0.09159790076937632,4.337774186798954e-06,0.0,2.168887093399477e-06,37,1,1,1,0,-3.1964189426612752,-0.34028629134277977,0.8466843066124374,-1.001614766477666,5.011260271906055,5.369005552146489
99,15,0.05439446102266341,0.017943962567149325,1.0104123874316518e-07,0.0,5.052061937158259e-08,6,1,1,1,0,-1.4352755520088756,3.0622669672003657,2.1981144445304674,1.7332565017898747,-0.6684857334212297,-2.0135865690326904
