target_id,python_best_seed_id,cuda_best_seed_id,python_pos_err_mm,cuda_pos_err_mm,python_rot_err_deg,cuda_rot_err_deg,python_success_strict,cuda_success_strict,python_near_limit,cuda_near_limit
0,13,13,2.6289732370982017,2.62897323996,0.029225844112385085,0.0292258441688,1,1,0,0
1,0,0,0.07043652399845614,0.0704365239983,0.019312727125611755,0.0193127271256,1,1,0,0
2,10,10,0.6654051538607005,0.66540515386,0.16204998888549835,0.162049988886,1,1,0,0
3,7,7,0.7463376763795767,0.746337688318,0.10598296911347246,0.105982952616,1,1,0,0
4,2,2,0.09105776797929042,0.0910577679795,0.43694335750454544,0.436943357504,1,1,0,0
5,2,2,0.06401892044933302,0.0640189204492,0.06945603218906148,0.0694560321889,1,1,0,0
6,4,4,0.023690155350341455,0.0236901553479,0.04228478958272191,0.0422847895796,1,1,0,0
7,2,2,0.04785562960914973,0.0478556296093,0.054581535137601105,0.0545815351376,1,1,0,0
8,8,8,0.15678529869447003,0.156785298695,0.0204899932322912,0.0204899932323,1,1,0,0
9,15,15,0.1762225955873187,0.176222595589,0.02459086161541676,0.0245908616158,1,1,0,0
10,6,6,0.6519989191442249,0.651998924386,0.1281536548684892,0.128153655103,1,1,0,0
11,14,14,0.10016654065152236,0.100166540652,0.03339185829798897,0.033391858298,1,1,0,0
12,7,7,3.242201487855963,3.24220148765,0.08781957728052696,0.0878195772813,1,1,0,0
13,13,13,0.029112107823766192,0.0291121079242,0.0003581548686483828,0.000358154871278,1,1,0,0
14,2,2,0.04584304246877711,0.0458430424688,0.15226902242024787,0.15226902242,1,1,0,0
15,2,2,0.11325000285587737,0.113250002855,0.17562461755902956,0.175624617559,1,1,0,0
16,6,6,0.026716659113366133,0.0267166591136,0.14885883680678305,0.148858836807,1,1,0,0
17,6,6,0.02615555182950553,0.0261555518296,0.01771504272106967,0.0177150427211,1,1,0,0
18,6,6,0.14657538610151072,0.146575386102,0.03441811641670383,0.0344181164167,1,1,0,0
19,13,13,0.017121324509438568,0.017121324551,0.8442969690329799,0.844296970051,1,1,0,0
20,4,4,0.058651102165408975,0.0586511021652,0.00044500464050763845,0.00044500464052,1,1,0,0
21,7,7,0.5604111852161222,0.560411185216,0.06261814488983168,0.0626181448898,1,1,0,0
22,8,8,0.051544020227373644,0.0515440202274,0.4036570836961546,0.403657083696,1,1,0,0
23,12,12,78.55286070800862,78.552860708,0.6671433844613344,0.667143384446,0,0,0,0
24,15,15,0.8646697993338399,0.864669799336,0.0026783563799038595,0.0026783563799,1,1,0,0
25,1,1,0.1346568627864542,0.134656862786,0.04406955781907292,0.044069557819,1,1,0,0
26,14,14,0.6677080924206966,0.667708092421,0.06513829687587414,0.0651382968759,1,1,0,0
27,0,0,0.027306460416893025,0.0273064604194,0.5082093488771873,0.508209348877,1,1,0,0
28,5,5,57.75697987346519,57.7569798735,0.10035877107157402,0.100358771072,0,0,0,0
29,5,5,0.225264510975909,0.225264510788,0.773454750771117,0.773454750708,1,1,0,0
30,14,14,0.044119676049576055,0.0441196760498,0.003622497980205718,0.00362249798019,1,1,0,0
31,15,15,0.7072178727721152,0.707217872773,0.007935594558132636,0.00793559455811,1,1,0,0
32,0,0,0.0344775199283341,0.0344775199242,0.00016503911016486653,0.000165039110147,1,1,0,0
33,14,14,4.976252665899487,4.97625266589,0.010252800311483923,0.0102528003111,1,1,0,0
34,13,13,0.015205016810568598,0.0152050168105,0.0007170132044120197,0.000717013204402,1,1,0,0
35,6,6,0.21225042595971108,0.21225042596,0.06055738180937703,0.0605573818094,1,1,0,0
36,7,7,0.17402964474178997,0.174029644743,0.0017182687427433614,0.00171826874268,1,1,0,0
37,3,3,0.10305489976248323,0.103054899762,0.10784250464374341,0.107842504644,1,1,0,0
38,14,14,0.09322632744406177,0.0932263274442,0.002985704394458472,0.00298570439443,1,1,0,0
39,1,1,0.3892393683606916,0.389239368361,0.007907782486572052,0.00790778248655,1,1,0,0
40,2,2,0.09777033581259996,0.0977703358124,0.15703036613439728,0.157030366134,1,1,0,0
41,5,5,0.05438904554085016,0.0543890455411,0.06824624091634675,0.0682462409164,1,1,0,0
42,15,15,0.1174416960782048,0.117441695444,0.008121752891156181,0.0081217528549,1,1,0,0
43,10,10,0.46196283577755576,0.461962835781,0.03367645818251941,0.0336764581827,1,1,0,0
44,11,11,0.45055431830348086,0.450554318304,0.33283405881500816,0.332834058815,1,1,0,0
45,9,9,0.025079491761182918,0.0250794917611,0.03525864551262655,0.0352586455126,1,1,0,0
46,7,7,0.5316563141193447,0.531656314119,0.0007704930818236737,0.000770493081791,1,1,0,0
47,9,9,2.008264631112084,2.00826463111,0.08664401518660063,0.0866440151866,1,1,0,0
48,10,10,0.3024653353655635,0.302465335364,0.04136021656979718,0.0413602165932,1,1,0,0
49,11,11,0.1399752684007573,0.13997526828,0.005450146236436522,0.00545014623539,1,1,0,0
50,2,2,3.1516915557574485,3.15169155668,0.3949033287690416,0.394903328969,1,1,0,0
51,12,12,0.23475062976438993,0.234750629764,0.0014756194229890221,0.00147561942297,1,1,0,0
52,0,0,15.226355963150521,15.2263559631,0.06668855954766445,0.0666885595445,0,0,1,1
53,12,12,0.020212958564287897,0.0202129585645,0.2725681732548027,0.272568173255,1,1,0,0
54,10,10,0.02758546586190547,0.027585465862,0.0014900883743690378,0.00149008837436,1,1,0,0
55,4,4,0.06678634219573755,0.0667863421969,0.5681095015129399,0.568109501518,1,1,0,0
56,9,9,0.9162337815051051,0.916233781505,0.22618924358370882,0.226189243584,1,1,0,0
57,6,6,0.05170758304656008,0.0517075830465,0.004459067321794388,0.00445906732178,1,1,0,0
58,0,0,1.0108498873501026,1.01084988735,2.409484140482933e-05,2.40948413923e-05,1,1,0,0
59,13,13,0.24024501892996836,0.24024501893,0.026601830219515076,0.0266018302195,1,1,0,0
60,9,9,0.14337088324940594,0.143370883249,0.06506891804899728,0.065068918049,1,1,0,0
61,4,4,0.022184464740191867,0.0221844647403,0.0003341581891133964,0.000334158189114,1,1,0,0
62,5,5,0.04766634634207816,0.0476663463417,0.005012375550361003,0.00501237555036,1,1,0,0
63,15,15,0.03943600162233391,0.0394360016223,0.020213782779212992,0.0202137827792,1,1,0,0
64,2,2,0.4444870596254051,0.444487059625,0.8037775415282067,0.803777541528,1,1,0,0
65,15,15,28.471586836939437,28.4715868366,4.068477015978179,4.06847701594,0,0,0,0
66,9,9,0.015148932490295097,0.0151489324903,0.5543841945163638,0.554384194518,1,1,0,0
67,6,6,1.3032539333711208,1.30325393338,0.07732746738693184,0.0773274673872,1,1,0,0
68,3,3,0.0678706180923266,0.067870618094,0.5013853616671464,0.501385361693,1,1,0,0
69,4,4,0.049954383901672346,0.0499543839022,0.13206317319573133,0.132063173196,1,1,0,0
70,3,3,1.8878657131930652,1.88786571319,0.03883894831272586,0.0388389483128,1,1,0,0
71,15,15,0.04781018999357644,0.0478101899939,0.040207965609336954,0.0402079656093,1,1,0,0
72,14,14,0.23600113955170243,0.236001139552,0.03213611131111761,0.0321361113111,1,1,0,0
73,12,12,3.6389158447196754,3.63891584472,0.2953397772237481,0.295339777224,1,1,0,0
74,6,6,0.27690561365749516,0.276905613657,0.00014576181257706908,0.000145761812609,1,1,0,0
75,9,9,0.15724908309645208,0.157249083097,0.19965605336439443,0.199656053364,1,1,0,0
76,8,8,0.4849421026847662,0.484942102685,0.03220813441712291,0.0322081344172,1,1,0,0
77,6,6,0.6870245544780441,0.68702455449,0.005136262785664365,0.00513626278539,1,1,0,0
78,10,10,0.05420737194662005,0.0542073738784,0.14736557212004342,0.147365572539,1,1,0,0
79,15,15,0.3278403871082934,0.327840387108,0.01059224452383763,0.0105922445238,1,1,0,0
80,14,14,0.20642856936605009,0.206428569366,0.011712660774891009,0.0117126607749,1,1,0,0
81,2,2,0.05517688606690663,0.0551768860712,0.004332310776211202,0.00433231077645,1,1,0,0
82,8,8,0.062442387622848095,0.0624423876231,0.01088644269989372,0.0108864426999,1,1,0,0
83,4,4,0.03728817539211559,0.0372881753922,0.1547638172461689,0.154763817246,1,1,0,0
84,11,11,0.40738353138562894,0.407383531386,0.23787166645895247,0.237871666459,1,1,0,0
85,14,14,3.579589933422671,3.57959009609,0.024428060485974654,0.0244280390342,1,1,0,0
86,0,0,0.05088849592528308,0.0508884959,0.02086194812078421,0.0208619481172,1,1,0,0
87,13,13,0.09409799632402643,0.0940979963235,0.17361164895483894,0.173611648955,1,1,0,0
88,13,13,3.5888236694451527,3.58882366945,0.0637558177562,0.0637558177562,1,1,0,0
89,10,10,1.3067967718766598,1.30679677188,0.13259642526094373,0.132596425261,1,1,0,0
90,13,13,0.004400317244409614,0.00440031724424,0.17704924791273127,0.177049247913,1,1,0,0
91,2,2,0.09130335429149189,0.0913033542915,0.01671066649227417,0.0167106664923,1,1,0,0
92,3,3,1.1900442036356926,1.19004420363,0.01690896578016785,0.0169089657802,1,1,0,0
93,7,7,4.353369556979712,4.35336955696,0.32508228350343427,0.325082283503,1,1,0,0
94,11,11,0.08300658414203077,0.083006584142,0.0012817492416646531,0.00128174924166,1,1,0,0
95,3,3,0.05253869351792476,0.0525382244557,0.08310996146136966,0.0831096955411,1,1,0,0
96,6,6,0.8503750350544582,0.850375035056,0.006372135193591621,0.0063721351936,1,1,0,0
97,5,5,0.235525548513256,0.235525548513,0.02777400174767614,0.0277740017477,1,1,0,0
98,6,6,1.334908460220776,1.33490846013,0.09159790076937632,0.0915979007646,1,1,0,0
99,15,15,0.05439446102266341,0.0543944610226,0.017943962567149325,0.0179439625671,1,1,0,0
