strict_success_count,strict_failure_count,strict_sr,pos_p50_all,pos_p95_all,pos_p99_all,pos_max_all,pos_p50_success_only,pos_p95_success_only,pos_p99_success_only,pos_max_success_only,pos_p50_failure_only,pos_p95_failure_only,pos_p99_failure_only,pos_max_failure_only,rot_p95_all,rot_p95_success_only,rot_p95_failure_only,gpu_ms,e2e_ms,throughput,valid_throughput,failure_count,num_seeds,run_label,N,seed_solver_num_seeds,position_tolerance,rotation_tolerance,use_cuda_graph,quat_mode,override_iters,status,config_name,num_iters,position_threshold,rotation_threshold,pose_weight,collision_enabled,notes
85,15,0.85,0.000130426029816419,90.78326962472823,276.01155552498346,497.4884181370001,0.00010890866054592192,0.020154236535213012,1.0132057337703422,1.7656050244177754,39.42808094949739,340.8886162901186,466.16845776762375,497.4884181370001,10.554496725083895,0.0022286660149666427,27.882727862584016,10.044927597045898,10.075458500068635,9955.273349049214,8461.982346691831,15,1,default_graph_N100,100,1,0.01,0.0872664626,1,current,"{'particle': None, 'lbfgs': None}",ok,default_graph,None,0.01,0.0872664626,1.0,0,ok
86,14,0.86,0.000130426029816419,74.32372067016374,277.5163712977101,493.65763078745107,0.0001089726571408146,0.012455543814937544,0.9953794874970843,1.7656050244177754,31.868034208879443,351.74670283964053,465.2754451978888,493.65763078745107,10.784561778775801,0.0022039805327301928,45.16143452501248,13.613696098327637,13.645559010910802,7345.543728736858,6317.167606713698,14,1,quality_more_iters_N100,100,1,0.01,0.0872664626,1,current,"{'particle': 128, 'lbfgs': 200}",ok,quality_more_iters,"{'particle': 128, 'lbfgs': 200}",0.01,0.0872664626,1.0,0,ok
100,0,1.0,0.00013161747427250505,0.0221932477920097,0.9027130450173279,2.118599097371637,0.00013161747427250505,0.0221932477920097,0.9027130450173279,2.118599097371637,nan,nan,nan,nan,0.0004940357943060053,0.0004940357943060053,nan,9.2816162109375,9.307218511821702,10773.985664496613,10773.985664496613,0,128,quality_more_seeds_N100,100,128,0.01,0.0872664626,1,current,"{'particle': None, 'lbfgs': None}",ok,quality_more_seeds,None,0.01,0.0872664626,1.0,0,ok
100,0,1.0,0.00013161747427250505,0.0221932477920097,0.9027130450173279,2.118599097371637,0.00013161747427250505,0.0221932477920097,0.9027130450173279,2.118599097371637,nan,nan,nan,nan,0.0004940357943060053,0.0004940357943060053,nan,8.481328010559082,8.504853991325945,11790.60636205816,11790.60636205816,0,128,quality_tighter_threshold_N100,100,128,0.005,0.0174532925,1,current,"{'particle': None, 'lbfgs': None}",ok,quality_tighter_threshold,None,0.005,0.0174532925,1.0,0,ok
77,23,0.77,1.4229643687538245,272.7622500909764,563.6095056085693,839.4559888734078,0.7918958995723671,3.8867697845495406,4.49245224361797,4.492461999664618,190.15641337615406,541.5839844158633,778.1567703701104,839.4559888734078,53.3300392017291,0.8489777528575483,89.80144790513395,87.51665496826172,87.54568251606543,1142.6396499759437,879.8325304814766,23,128,quality_pose_weight_high_N100,100,128,0.005,0.0174532925,1,current,"{'particle': None, 'lbfgs': None}",ok,quality_pose_weight_high,None,0.005,0.0174532925,5.0,0,ok
100,0,1.0,0.00013161747427250505,0.0221932477920097,0.9027130450173279,2.118599097371637,0.00013161747427250505,0.0221932477920097,0.9027130450173279,2.118599097371637,nan,nan,nan,nan,0.0004940357943060053,0.0004940357943060053,nan,36.20065498352051,36.23128050821833,2762.380958176658,2762.380958176658,0,128,no_graph_quality_N100,100,128,0.005,0.0174532925,0,current,"{'particle': None, 'lbfgs': None}",ok,no_graph_quality,None,0.005,0.0174532925,1.0,0,ok
418,82,0.836,0.0001233274606669099,115.88251437005745,348.6358281402439,730.2731083161353,0.00010491089240746202,0.20085156318336467,1.9685572829061109,3.3484927013862884,58.85001574133313,353.738265570329,535.7493427609463,730.2731083161353,8.696442294246262,0.02011175729991519,31.644707142079017,11.465792179107666,11.492892997921444,43607.97685754958,36456.26865291144,82,1,default_graph_N500,500,1,0.01,0.0872664626,1,current,"{'particle': None, 'lbfgs': None}",ok,default_graph,None,0.01,0.0872664626,1.0,0,ok
423,77,0.846,0.0001233274606669099,105.36614711517016,316.0201935066898,718.4560179745172,0.0001061644743135186,0.20376374435011116,2.6845735052925535,4.74267730400124,58.36041498349941,329.8113285575738,441.47679489450593,718.4560179745172,8.392137992689705,0.016623769808243618,24.365501553159106,16.325215339660645,16.355446496163495,30627.467362424,25910.837388610704,77,1,quality_more_iters_N500,500,1,0.01,0.0872664626,1,current,"{'particle': 128, 'lbfgs': 200}",ok,quality_more_iters,"{'particle': 128, 'lbfgs': 200}",0.01,0.0872664626,1.0,0,ok
497,3,0.994,0.00012316028188469113,0.21637007471797534,3.436987342955277,8.669013639526204,0.00012261153768087813,0.1845525334947475,2.124467918775734,4.879040761426845,8.352362469320273,8.637348522505611,8.662680616122085,8.669013639526204,0.005893281768433523,0.0039002351146593646,0.21228563907744372,36.565921783447266,36.59649900509976,13673.933969479227,13591.890365662352,3,128,quality_more_seeds_N500,500,128,0.01,0.0872664626,1,current,"{'particle': None, 'lbfgs': None}",ok,quality_more_seeds,None,0.01,0.0872664626,1.0,0,ok
500,0,1.0,0.00012281928998924494,0.19177553696319252,2.275511377884479,4.879040761426845,0.00012281928998924494,0.19177553696319252,2.275511377884479,4.879040761426845,nan,nan,nan,nan,0.004334076663860922,0.004334076663860922,nan,35.974191665649414,36.00407148769591,13898.852951223746,13898.852951223746,0,128,quality_tighter_threshold_N500,500,128,0.005,0.0174532925,1,current,"{'particle': None, 'lbfgs': None}",ok,quality_tighter_threshold,None,0.005,0.0174532925,1.0,0,ok
180,320,0.36,184.00663323866706,770.2139895874471,1044.8170785644513,1285.841489037678,0.5144513119887396,3.5703067784293725,4.351944250686822,4.962501508239664,307.08406196033593,862.0030105524118,1071.5102699079785,1285.841489037678,126.34816625132565,0.7313089599452772,136.60970998812286,419.7232666015625,419.7735019988613,1191.2610993629835,428.85399577067403,320,128,quality_pose_weight_high_N500,500,128,0.005,0.0174532925,1,current,"{'particle': None, 'lbfgs': None}",ok,quality_pose_weight_high,None,0.005,0.0174532925,5.0,0,ok
500,0,1.0,0.00012281928998924494,0.19177553696319252,2.275511377884479,4.879040761426845,0.00012281928998924494,0.19177553696319252,2.275511377884479,4.879040761426845,nan,nan,nan,nan,0.004334076663860922,0.004334076663860922,nan,38.63795280456543,38.666787499096245,12940.644203616306,12940.644203616306,0,128,no_graph_quality_N500,500,128,0.005,0.0174532925,0,current,"{'particle': None, 'lbfgs': None}",ok,no_graph_quality,None,0.005,0.0174532925,1.0,0,ok
842,158,0.842,0.00012607295695134913,99.34140774691245,210.4213187963932,730.8741532988031,0.00010491089240746202,0.3235271070386884,2.3336312239764583,4.795312086332656,54.009426768817775,219.08154021703598,361.0129973807828,730.8741532988031,8.27307710584341,0.03371042788193154,25.112450622956356,15.819231986999512,15.850471492740326,63214.194015348876,53226.35136092375,158,1,default_graph_N1000,1000,1,0.01,0.0872664626,1,current,"{'particle': None, 'lbfgs': None}",ok,default_graph,None,0.01,0.0872664626,1.0,0,ok
847,153,0.847,0.00012578302512390144,86.88257424631858,188.15475267021918,485.65984817693334,0.00010499751543783309,0.29493728108544265,2.8350539965443735,4.426724721829039,47.38279736764554,208.08209648280203,321.9890259869592,485.65984817693334,6.79428320360444,0.030407862706489718,22.1109910888605,22.340527534484863,22.371575993020087,44761.70038762061,37913.16022831466,153,1,quality_more_iters_N1000,1000,1,0.01,0.0872664626,1,current,"{'particle': 128, 'lbfgs': 200}",ok,quality_more_iters,"{'particle': 128, 'lbfgs': 200}",0.01,0.0872664626,1.0,0,ok
,,,,,,,,,,,,,,,,,,,,,,,128,quality_more_seeds_N1000,1000,,,,1,,,"FAILED subprocess rc=2: FAILED: OutOfMemoryError: CUDA out of memory. Tried to allocate 74.00 MiB. GPU 0 has a total capacity of 7.64 GiB of which 102.44 MiB is free. Including non-PyTorch memory, this process has 6.83 GiB memory in use. Of the allocated memory 6.54 GiB is allocated by PyTorch, with 252.18 MiB allocated in private pools (e.g., CUDA Graphs), and 148.78 MiB is reserved by PyTorch but unallocated. If reserved but unallocated memory is large try setting PYTORCH_CUDA_ALLOC_CONF=expandable_segments:True to avoid fragmentation.  See documentation for Memory Management  (https://pytorch.org/docs/stable/notes/cuda.html#environment-variables)",quality_more_seeds,None,0.01,0.0872664626,1.0,0,"FAILED subprocess rc=2: FAILED: OutOfMemoryError: CUDA out of memory. Tried to allocate 74.00 MiB. GPU 0 has a total capacity of 7.64 GiB of which 102.44 MiB is free. Including non-PyTorch memory, this process has 6.83 GiB memory in use. Of the allocated memory 6.54 GiB is allocated by PyTorch, with 252.18 MiB allocated in private pools (e.g., CUDA Graphs), and 148.78 MiB is reserved by PyTorch but unallocated. If reserved but unallocated memory is large try setting PYTORCH_CUDA_ALLOC_CONF=expandable_segments:True to avoid fragmentation.  See documentation for Memory Management  (https://pytorch.org/docs/stable/notes/cuda.html#environment-variables)"
,,,,,,,,,,,,,,,,,,,,,,,128,quality_tighter_threshold_N1000,1000,,,,1,,,"FAILED subprocess rc=2: FAILED: OutOfMemoryError: CUDA out of memory. Tried to allocate 74.00 MiB. GPU 0 has a total capacity of 7.64 GiB of which 75.12 MiB is free. Including non-PyTorch memory, this process has 6.83 GiB memory in use. Of the allocated memory 6.54 GiB is allocated by PyTorch, with 252.18 MiB allocated in private pools (e.g., CUDA Graphs), and 148.78 MiB is reserved by PyTorch but unallocated. If reserved but unallocated memory is large try setting PYTORCH_CUDA_ALLOC_CONF=expandable_segments:True to avoid fragmentation.  See documentation for Memory Management  (https://pytorch.org/docs/stable/notes/cuda.html#environment-variables)",quality_tighter_threshold,None,0.005,0.0174532925,1.0,0,"FAILED subprocess rc=2: FAILED: OutOfMemoryError: CUDA out of memory. Tried to allocate 74.00 MiB. GPU 0 has a total capacity of 7.64 GiB of which 75.12 MiB is free. Including non-PyTorch memory, this process has 6.83 GiB memory in use. Of the allocated memory 6.54 GiB is allocated by PyTorch, with 252.18 MiB allocated in private pools (e.g., CUDA Graphs), and 148.78 MiB is reserved by PyTorch but unallocated. If reserved but unallocated memory is large try setting PYTORCH_CUDA_ALLOC_CONF=expandable_segments:True to avoid fragmentation.  See documentation for Memory Management  (https://pytorch.org/docs/stable/notes/cuda.html#environment-variables)"
,,,,,,,,,,,,,,,,,,,,,,,128,quality_pose_weight_high_N1000,1000,,,,1,,,"FAILED subprocess rc=2: FAILED: OutOfMemoryError: CUDA out of memory. Tried to allocate 74.00 MiB. GPU 0 has a total capacity of 7.64 GiB of which 116.75 MiB is free. Including non-PyTorch memory, this process has 6.82 GiB memory in use. Of the allocated memory 6.53 GiB is allocated by PyTorch, with 252.18 MiB allocated in private pools (e.g., CUDA Graphs), and 144.88 MiB is reserved by PyTorch but unallocated. If reserved but unallocated memory is large try setting PYTORCH_CUDA_ALLOC_CONF=expandable_segments:True to avoid fragmentation.  See documentation for Memory Management  (https://pytorch.org/docs/stable/notes/cuda.html#environment-variables)",quality_pose_weight_high,None,0.005,0.0174532925,5.0,0,"FAILED subprocess rc=2: FAILED: OutOfMemoryError: CUDA out of memory. Tried to allocate 74.00 MiB. GPU 0 has a total capacity of 7.64 GiB of which 116.75 MiB is free. Including non-PyTorch memory, this process has 6.82 GiB memory in use. Of the allocated memory 6.53 GiB is allocated by PyTorch, with 252.18 MiB allocated in private pools (e.g., CUDA Graphs), and 144.88 MiB is reserved by PyTorch but unallocated. If reserved but unallocated memory is large try setting PYTORCH_CUDA_ALLOC_CONF=expandable_segments:True to avoid fragmentation.  See documentation for Memory Management  (https://pytorch.org/docs/stable/notes/cuda.html#environment-variables)"
1000,0,1.0,0.0001289588026857844,0.19503498806674027,1.6348629128238314,4.879040761426845,0.0001289588026857844,0.19503498806674027,1.6348629128238314,4.879040761426845,nan,nan,nan,nan,0.005186538296819271,0.005186538296819271,nan,123.19142532348633,123.2253009948181,8117.448088404826,8117.448088404826,0,128,no_graph_quality_N1000,1000,128,0.005,0.0174532925,0,current,"{'particle': None, 'lbfgs': None}",ok,no_graph_quality,None,0.005,0.0174532925,1.0,0,ok
